date,year,headline,artist,title,file,bytes,status
1931-01-07,1931,"JAN 7, 1931",,,archive/1931/1931-01-07.jpg,640550,ok
1931-01-14,1931,,,,archive/1931/1931-01-14.jpg,680051,ok
1931-01-21,1931,JAN 1 9 193],,,archive/1931/1931-01-21.jpg,673550,ok
1931-01-28,1931,WOU CAN HAVE GENERAL ELECTRIC SUN LAMP,,,archive/1931/1931-01-28.jpg,710852,ok
1931-02-04,1931,,,,archive/1931/1931-02-04.jpg,683643,ok
1931-02-11,1931,"FEB 11,1931 DEPENDASLE IN NAME AND IN FACT",,,archive/1931/1931-02-11.jpg,681391,ok
1931-02-18,1931,"nt INDICATOR STS, GENERAL @ ELECTRIC",,,archive/1931/1931-02-18.jpg,708703,ok
1931-02-25,1931,"VET! DASIS, r p 33 WEST GRAND A\V! NUI",,,archive/1931/1931-02-25.jpg,666070,ok
1931-03-04,1931,,,,archive/1931/1931-03-04.jpg,661709,ok
1931-03-11,1931,THE EMBLEM OF PHOTOPHONE SOUND EQUIPMENT,,,archive/1931/1931-03-11.jpg,684153,ok
1931-03-18,1931,BUSIN ESS WEEK; OUT OF EVERY 13,,,archive/1931/1931-03-18.jpg,685989,ok
1931-03-25,1931,"LOMIC, = MATHEWS CONVEYER SYSTEMS",,,archive/1931/1931-03-25.jpg,672266,ok
1931-04-01,1931,,,,archive/1931/1931-04-01.jpg,680589,ok
1931-04-08,1931,,,,archive/1931/1931-04-08.jpg,682858,ok
1931-04-15,1931,,,,archive/1931/1931-04-15.jpg,706869,ok
1931-04-22,1931,SHOR 24 HOURS A DAY,,,archive/1931/1931-04-22.jpg,665655,ok
1931-04-29,1931,JSINESS~ By DICATOR : TOOL LOAN ORDER,,,archive/1931/1931-04-29.jpg,679131,ok
1931-05-06,1931,,,,archive/1931/1931-05-06.jpg,538315,ok
1931-05-13,1931,RARY,,,archive/1931/1931-05-13.jpg,561707,ok
1931-05-20,1931,BUSINES $ ABVUSI] IWEENID NVDIHOIA 40 ALISEZAINN,,,archive/1931/1931-05-20.jpg,585540,ok
1931-05-27,1931,,,,archive/1931/1931-05-27.jpg,583061,ok
1931-06-03,1931,JUN | ],,,archive/1931/1931-06-03.jpg,606756,ok
1931-06-10,1931,,,,archive/1931/1931-06-10.jpg,582354,ok
1931-06-17,1931,,,,archive/1931/1931-06-17.jpg,608296,ok
1931-06-24,1931,BUSINES S$ AUVUST'! 1VYINEO NVDIHOIN JO ALISHIAINN,,,archive/1931/1931-06-24.jpg,641281,ok
1931-07-01,1931,,,,archive/1931/1931-07-01.jpg,592779,ok
1931-07-15,1931,,,,archive/1931/1931-07-15.jpg,639655,ok
1931-07-22,1931,YUL 21 193),,,archive/1931/1931-07-22.jpg,607244,ok
1931-07-29,1931,,,,archive/1931/1931-07-29.jpg,663881,ok
1931-08-05,1931,,,,archive/1931/1931-08-05.jpg,596131,ok
1931-08-12,1931,h HOIN BOGHY ANY AMVUETI ‘IVESNSS NYSIHOIN 40 ALISHZAINN,,,archive/1931/1931-08-12.jpg,633241,ok
1931-08-19,1931,"AUG 19, 1931 NE $$ K AUVUSIT TWYINTD",,,archive/1931/1931-08-19.jpg,630214,ok
1931-08-26,1931,AUG 2 4 1937 TTT. CLITA TS THOIM 30 ALISHSAINA 3,,,archive/1931/1931-08-26.jpg,609700,ok
1931-09-02,1931,"SEPT 2, 1931",,,archive/1931/1931-09-02.jpg,680513,ok
1931-09-09,1931,LISINES$,,,archive/1931/1931-09-09.jpg,681352,ok
1931-09-16,1931,1 HE,,,archive/1931/1931-09-16.jpg,670345,ok
1931-09-23,1931,BUSINESS é WRITE FOR DESCRIPTIVE LITERATURE on THESE WELL KNOWN PROL,,,archive/1931/1931-09-23.jpg,675191,ok
1931-09-30,1931,‘BUSINESS INDICATOR AGE AS,,,archive/1931/1931-09-30.jpg,723061,ok
1931-10-07,1931,BUSINES S$ 2 RBVeaTT TWHINSD AVDTHOIM 40 XLISUSATNA,,,archive/1931/1931-10-07.jpg,700217,ok
1931-10-14,1931,,,,archive/1931/1931-10-14.jpg,702910,ok
1931-10-21,1931,,,,archive/1931/1931-10-21.jpg,727315,ok
1931-10-28,1931,,,,archive/1931/1931-10-28.jpg,723776,ok
1931-11-04,1931,THE ',,,archive/1931/1931-11-04.jpg,745645,ok
1931-11-11,1931,"NOV I1, 1931",,,archive/1931/1931-11-11.jpg,744079,ok
1931-11-18,1931,,,,archive/1931/1931-11-18.jpg,688096,ok
1931-11-25,1931,LISINES$ HOIN WOIEY NNV AuYUET' ‘WHINE,,,archive/1931/1931-11-25.jpg,706399,ok
1931-12-02,1931,BUSINES $ REOPENING FOR BUSINES,,,archive/1931/1931-12-02.jpg,735401,ok
1931-12-09,1931,“BUSINESS INDICATOR DEPARTME,,,archive/1931/1931-12-09.jpg,732883,ok
1931-12-16,1931,DEC 1 4 193) USINESS AUVUAIT ‘TVUINID »,,,archive/1931/1931-12-16.jpg,743718,ok
1931-12-23,1931,SUSINESS,,,archive/1931/1931-12-23.jpg,681629,ok
1931-12-30,1931,,,,archive/1931/1931-12-30.jpg,731951,ok
1932-01-06,1932,SUS. ADM IBRARY BUSINES,,,archive/1932/1932-01-06.jpg,718199,ok
1932-01-13,1932,,,,archive/1932/1932-01-13.jpg,741259,ok
1932-01-20,1932,,,,archive/1932/1932-01-20.jpg,757918,ok
1932-01-27,1932,,,,archive/1932/1932-01-27.jpg,719767,ok
1932-02-03,1932,"INDICATOR re THE McCASKEY REGISTER CO., EXECUTIVES FIND NEW PROFirs",,,archive/1932/1932-02-03.jpg,733011,ok
1932-02-10,1932,FEB 10,,,archive/1932/1932-02-10.jpg,759562,ok
1932-02-17,1932,BUSINES S$ >. FES 2 BROOKIN. Wy,,,archive/1932/1932-02-17.jpg,717967,ok
1932-02-24,1932,,,,archive/1932/1932-02-24.jpg,731933,ok
1932-03-02,1932,,,,archive/1932/1932-03-02.jpg,663135,ok
1932-03-09,1932,,,,archive/1932/1932-03-09.jpg,730646,ok
1932-03-16,1932,MAR 15 193,,,archive/1932/1932-03-16.jpg,734533,ok
1932-03-23,1932,A LARGE PACKER MANAGES DISTRIBUTI,,,archive/1932/1932-03-23.jpg,727168,ok
1932-03-30,1932,BUSINES $ AUVUGT ‘IVYINED NYDIHOIN 40 ALISUSAINA,,,archive/1932/1932-03-30.jpg,732843,ok
1932-04-06,1932,APR 4 - 1932 IBUSINES$S : WEEK,,,archive/1932/1932-04-06.jpg,706864,ok
1932-04-13,1932,"LISINESS HOIN HORUY NNV KUVUGT'T ""1VESNSD",,,archive/1932/1932-04-13.jpg,694617,ok
1932-04-20,1932,,,,archive/1932/1932-04-20.jpg,723041,ok
1932-04-27,1932,,,,archive/1932/1932-04-27.jpg,703008,ok
1932-05-04,1932,LIBRARY,,,archive/1932/1932-05-04.jpg,678786,ok
1932-05-11,1932,,,,archive/1932/1932-05-11.jpg,700551,ok
1932-05-18,1932,,,,archive/1932/1932-05-18.jpg,718726,ok
1932-05-25,1932,,,,archive/1932/1932-05-25.jpg,740226,ok
1932-06-01,1932,,,,archive/1932/1932-06-01.jpg,744590,ok
1932-06-08,1932,,,,archive/1932/1932-06-08.jpg,676947,ok
1932-06-15,1932,,,,archive/1932/1932-06-15.jpg,668345,ok
1932-06-22,1932,USINESS,,,archive/1932/1932-06-22.jpg,701486,ok
1932-06-29,1932,JUN 2,,,archive/1932/1932-06-29.jpg,717984,ok
1932-07-06,1932,,,,archive/1932/1932-07-06.jpg,724309,ok
1932-07-13,1932,,,,archive/1932/1932-07-13.jpg,738228,ok
1932-07-27,1932,,,,archive/1932/1932-07-27.jpg,700138,ok
1932-08-03,1932,,,,archive/1932/1932-08-03.jpg,745292,ok
1932-08-10,1932,,,,archive/1932/1932-08-10.jpg,736735,ok
1932-08-17,1932,"AUG 17, 1932",,,archive/1932/1932-08-17.jpg,704152,ok
1932-08-24,1932,UISINESS,,,archive/1932/1932-08-24.jpg,704611,ok
1932-08-31,1932,,,,archive/1932/1932-08-31.jpg,693869,ok
1932-09-07,1932,,,,archive/1932/1932-09-07.jpg,703853,ok
1932-09-14,1932,SEP 1 3 1932,,,archive/1932/1932-09-14.jpg,735938,ok
1932-09-21,1932,"SEPT 21, 1932 LISINES$",,,archive/1932/1932-09-21.jpg,742945,ok
1932-09-28,1932,,,,archive/1932/1932-09-28.jpg,701822,ok
1932-10-05,1932,SINESS WDIHOIN #0 TLTSWa\TNA PHILADELPHIA,,,archive/1932/1932-10-05.jpg,714552,ok
1932-10-12,1932,,,,archive/1932/1932-10-12.jpg,739094,ok
1932-10-19,1932,LISINESS,,,archive/1932/1932-10-19.jpg,735920,ok
1932-10-26,1932,‘TVICE . . . . CC,,,archive/1932/1932-10-26.jpg,741535,ok
1932-11-02,1932,,,,archive/1932/1932-11-02.jpg,738351,ok
1932-11-09,1932,,,,archive/1932/1932-11-09.jpg,724194,ok
1932-11-16,1932,,,,archive/1932/1932-11-16.jpg,741743,ok
1932-11-23,1932,VA CA AOA GO WEEK TH E L,,,archive/1932/1932-11-23.jpg,761702,ok
1932-11-30,1932,,,,archive/1932/1932-11-30.jpg,729696,ok
1932-12-07,1932,,,,archive/1932/1932-12-07.jpg,710114,ok
1932-12-14,1932,,,,archive/1932/1932-12-14.jpg,729868,ok
1932-12-21,1932,,,,archive/1932/1932-12-21.jpg,705160,ok
1932-12-28,1932,BUSIN INDICATOR MARINE MIDLAND,,,archive/1932/1932-12-28.jpg,717417,ok
1933-01-04,1933,,,,archive/1933/1933-01-04.jpg,706894,ok
1933-01-11,1933,,,,archive/1933/1933-01-11.jpg,710698,ok
1933-01-18,1933,,,,archive/1933/1933-01-18.jpg,736732,ok
1933-01-25,1933,"T > E JAN 25, 1933",,,archive/1933/1933-01-25.jpg,773445,ok
1933-02-01,1933,Ss WEES WESTINGHOUSE ELEVATORS ARE THE LOGICAL HIGHWAYS OF MODERN ARCHITECTURE,,,archive/1933/1933-02-01.jpg,742153,ok
1933-02-08,1933,"FEB 8, 1933",,,archive/1933/1933-02-08.jpg,729752,ok
1933-02-15,1933,,,,archive/1933/1933-02-15.jpg,730342,ok
1933-02-22,1933,,,,archive/1933/1933-02-22.jpg,700117,ok
1933-03-01,1933,,,,archive/1933/1933-03-01.jpg,771982,ok
1933-03-08,1933,,,,archive/1933/1933-03-08.jpg,743841,ok
1933-03-22,1933,,,,archive/1933/1933-03-22.jpg,711139,ok
1933-03-29,1933,,,,archive/1933/1933-03-29.jpg,744217,ok
1933-04-05,1933,,,,archive/1933/1933-04-05.jpg,711692,ok
1933-04-12,1933,INDICATOR AUTOMATIC PAYROLL MACHINES,,,archive/1933/1933-04-12.jpg,720469,ok
1933-04-19,1933,,,,archive/1933/1933-04-19.jpg,746612,ok
1933-04-26,1933,,,,archive/1933/1933-04-26.jpg,715053,ok
1933-05-03,1933,,,,archive/1933/1933-05-03.jpg,712386,ok
1933-05-10,1933,3USINESS IF YOU DON’T WATCH OUT =» LIFT COMMODITY PRICES Sea Ae,,,archive/1933/1933-05-10.jpg,745226,ok
1933-05-17,1933,SINESS WEEK: HOIN HOGHY NNY,,,archive/1933/1933-05-17.jpg,723882,ok
1933-05-24,1933,,,,archive/1933/1933-05-24.jpg,718504,ok
1933-05-31,1933,SINESS,,,archive/1933/1933-05-31.jpg,713414,ok
1933-06-07,1933,USINESS BALL AND ROLLER BEARINGS THE BUSINESS WE,,,archive/1933/1933-06-07.jpg,727784,ok
1933-06-10,1933,,,,archive/1933/1933-06-10.jpg,821485,ok
1933-06-17,1933,,,,archive/1933/1933-06-17.jpg,822958,ok
1933-06-24,1933,,,,archive/1933/1933-06-24.jpg,919955,ok
1933-07-01,1933,,,,archive/1933/1933-07-01.jpg,946584,ok
1933-07-08,1933,,,,archive/1933/1933-07-08.jpg,890759,ok
1933-07-15,1933,,,,archive/1933/1933-07-15.jpg,884081,ok
1933-07-22,1933,,,,archive/1933/1933-07-22.jpg,994777,ok
1933-07-29,1933,SINESS,,,archive/1933/1933-07-29.jpg,1108142,ok
1933-08-05,1933,AT THE TOUCH OF A SWITCH eee MANA LASBRARAAS AB,,,archive/1933/1933-08-05.jpg,729398,ok
1933-08-12,1933,,,,archive/1933/1933-08-12.jpg,925266,ok
1933-08-19,1933,,,,archive/1933/1933-08-19.jpg,969913,ok
1933-08-26,1933,,,,archive/1933/1933-08-26.jpg,988328,ok
1933-09-02,1933,,,,archive/1933/1933-09-02.jpg,815678,ok
1933-09-09,1933,,,,archive/1933/1933-09-09.jpg,1012417,ok
1933-09-16,1933,USINESS YDICATOR,,,archive/1933/1933-09-16.jpg,849979,ok
1933-09-23,1933,"ELECTROMATIC TYPEW INTERNATIONAL BUSINESS,, MACHINES CORPORATI@ MNES",,,archive/1933/1933-09-23.jpg,1109386,ok
1933-09-30,1933,,,,archive/1933/1933-09-30.jpg,809732,ok
1933-10-07,1933,,,,archive/1933/1933-10-07.jpg,874422,ok
1933-10-14,1933,JBLISHING P “YELLOW” BANISHED YOUR SURETY i,,,archive/1933/1933-10-14.jpg,950599,ok
1933-10-21,1933,,,,archive/1933/1933-10-21.jpg,830385,ok
1933-10-28,1933,,,,archive/1933/1933-10-28.jpg,887431,ok
1933-11-04,1933,,,,archive/1933/1933-11-04.jpg,871053,ok
1933-11-11,1933,,,,archive/1933/1933-11-11.jpg,739624,ok
1933-11-18,1933,,,,archive/1933/1933-11-18.jpg,857722,ok
1933-11-25,1933,,,,archive/1933/1933-11-25.jpg,866370,ok
1933-12-02,1933,SIG 2237. BALL& ROLLER BEAR,,,archive/1933/1933-12-02.jpg,1152659,ok
1933-12-09,1933,,,,archive/1933/1933-12-09.jpg,824622,ok
1933-12-16,1933,,,,archive/1933/1933-12-16.jpg,736652,ok
1933-12-23,1933,,,,archive/1933/1933-12-23.jpg,965471,ok
1933-12-30,1933,,,,archive/1933/1933-12-30.jpg,933242,ok
1934-01-06,1934,INDICATOR,,,archive/1934/1934-01-06.jpg,911974,ok
1934-01-13,1934,McG RAW-HILL ; : E STATE OF THE UNION —The SIMPLIFIED,,,archive/1934/1934-01-13.jpg,923718,ok
1934-01-20,1934,"5 DAYS A WEEK, EVERY WEEK, WE IDENTIFY HUNDREDS OF MEN AS FAST AS THEY GET CONSTRUCTION CONTRACTS",,,archive/1934/1934-01-20.jpg,878636,ok
1934-01-27,1934,BUSINESS ACTIVITY SEASONED BY EIGHT DECADES,,,archive/1934/1934-01-27.jpg,1079506,ok
1934-02-03,1934,; ¥ ‘J “vELLOW” BANISHED YOUR SURETY,,,archive/1934/1934-02-03.jpg,1060359,ok
1934-02-10,1934,F ' : % : . ’ ‘ IF YOU DON'T BELIEVE IN,,,archive/1934/1934-02-10.jpg,1061668,ok
1934-02-17,1934,McG RAWAHILL 250 PARK AVENUE ° NEW YORK,,,archive/1934/1934-02-17.jpg,749468,ok
1934-02-24,1934,YORS [0 CONOMIC WITH THE,,,archive/1934/1934-02-24.jpg,746059,ok
1934-03-03,1934,f CXCCU McG RAW-HILL THE WORLD'S GREATEST NEWSPAPER,,,archive/1934/1934-03-03.jpg,755720,ok
1934-03-10,1934,"TOGETHER AGBIN — GEORGE WN. PEEK, now WINNER METAL CANS",,,archive/1934/1934-03-10.jpg,768151,ok
1934-03-17,1934,LAGGARL ! FINISHES DUCO...PAINTS...VARNISHES...DU UX,,,archive/1934/1934-03-17.jpg,1157712,ok
1934-03-24,1934,REO CREATES NEW VALU! FOR YOUR TRUCK DOLLAR THE QUALITY TRUCK,,,archive/1934/1934-03-24.jpg,859569,ok
1934-03-31,1934,SSTHE SOUND NEWS (AMER! N) COMPAN,,,archive/1934/1934-03-31.jpg,1097772,ok
1934-04-07,1934,McG RAW-HILL THIS WEEK,,,archive/1934/1934-04-07.jpg,826913,ok
1934-04-14,1934,McG RAW-HILL DUCO.. REG. U. 5. PAT.OFF.,,,archive/1934/1934-04-14.jpg,828925,ok
1934-04-21,1934,IN LESS THAN THREE DAYS. BUSINESS ACTIVITY,,,archive/1934/1934-04-21.jpg,895254,ok
1934-04-28,1934,BUSINESS WEEN . PRODUCTION FINANCE,,,archive/1934/1934-04-28.jpg,860558,ok
1934-05-05,1934,,,,archive/1934/1934-05-05.jpg,720232,ok
1934-05-12,1934,,,,archive/1934/1934-05-12.jpg,924307,ok
1934-05-19,1934,,,,archive/1934/1934-05-19.jpg,893725,ok
1934-05-26,1934,,,,archive/1934/1934-05-26.jpg,1062925,ok
1934-06-02,1934,,,,archive/1934/1934-06-02.jpg,889096,ok
1934-06-09,1934,,,,archive/1934/1934-06-09.jpg,892500,ok
1934-06-16,1934,,,,archive/1934/1934-06-16.jpg,861392,ok
1934-06-23,1934,,,,archive/1934/1934-06-23.jpg,725345,ok
1934-06-30,1934,,,,archive/1934/1934-06-30.jpg,935756,ok
1934-07-07,1934,,,,archive/1934/1934-07-07.jpg,712724,ok
1934-07-14,1934,,,,archive/1934/1934-07-14.jpg,775607,ok
1934-07-21,1934,BUSINESS McG RAW-HILL HIGH SPEED ACCOUNTING,,,archive/1934/1934-07-21.jpg,760139,ok
1934-07-28,1934,JUL 91 1938,,,archive/1934/1934-07-28.jpg,857429,ok
1934-08-04,1934,,,,archive/1934/1934-08-04.jpg,797904,ok
1934-08-11,1934,,,,archive/1934/1934-08-11.jpg,804919,ok
1934-08-18,1934,,,,archive/1934/1934-08-18.jpg,836144,ok
1934-08-25,1934,,,,archive/1934/1934-08-25.jpg,951640,ok
1934-09-08,1934,,,,archive/1934/1934-09-08.jpg,759780,ok
1934-09-15,1934,,,,archive/1934/1934-09-15.jpg,800732,ok
1934-09-22,1934,BUSINESS INDICATOR ENDURO,,,archive/1934/1934-09-22.jpg,1009671,ok
1934-09-29,1934,,,,archive/1934/1934-09-29.jpg,1072211,ok
1934-10-06,1934,,,,archive/1934/1934-10-06.jpg,937234,ok
1934-10-13,1934,,,,archive/1934/1934-10-13.jpg,873669,ok
1934-10-20,1934,,,,archive/1934/1934-10-20.jpg,817613,ok
1934-10-27,1934,OUT 30 64,,,archive/1934/1934-10-27.jpg,862620,ok
1934-11-03,1934,,,,archive/1934/1934-11-03.jpg,905200,ok
1934-11-10,1934,,,,archive/1934/1934-11-10.jpg,781212,ok
1934-11-17,1934,NOVEAT 3USINES 7| WEEK,,,archive/1934/1934-11-17.jpg,750756,ok
1934-11-24,1934,,,,archive/1934/1934-11-24.jpg,838452,ok
1934-12-01,1934,,,,archive/1934/1934-12-01.jpg,913839,ok
1934-12-08,1934,McG RAW-HILL #2 NVOTHOIN 4O ALISHIAI'A CINDERELLA’S ON ICE,,,archive/1934/1934-12-08.jpg,787651,ok
1934-12-15,1934,,,,archive/1934/1934-12-15.jpg,1011036,ok
1934-12-22,1934,FAIR AND W AUVEST'T TEINS NYDIHOIN 40 ALISUTAT'A,,,archive/1934/1934-12-22.jpg,812364,ok
1934-12-29,1934,,,,archive/1934/1934-12-29.jpg,949532,ok
1935-01-05,1935,,,,archive/1935/1935-01-05.jpg,896654,ok
1935-01-12,1935,,,,archive/1935/1935-01-12.jpg,1189543,ok
1935-01-19,1935,,,,archive/1935/1935-01-19.jpg,796054,ok
1935-01-26,1935,,,,archive/1935/1935-01-26.jpg,902259,ok
1935-02-02,1935,FEB 5 18%,,,archive/1935/1935-02-02.jpg,837718,ok
1935-02-09,1935,,,,archive/1935/1935-02-09.jpg,1207128,ok
1935-02-16,1935,,,,archive/1935/1935-02-16.jpg,790831,ok
1935-02-23,1935,,,,archive/1935/1935-02-23.jpg,910618,ok
1935-03-02,1935,,,,archive/1935/1935-03-02.jpg,881591,ok
1935-03-09,1935,,,,archive/1935/1935-03-09.jpg,958075,ok
1935-03-16,1935,,,,archive/1935/1935-03-16.jpg,901928,ok
1935-03-23,1935,,,,archive/1935/1935-03-23.jpg,926734,ok
1935-03-30,1935,' BUSINESS INDICATOR,,,archive/1935/1935-03-30.jpg,983213,ok
1935-04-06,1935,,,,archive/1935/1935-04-06.jpg,867502,ok
1935-04-13,1935,,,,archive/1935/1935-04-13.jpg,1160998,ok
1935-04-20,1935,APR 22 1935,,,archive/1935/1935-04-20.jpg,988600,ok
1935-04-27,1935,gUSINESS INDICATOR TRADE WIN,,,archive/1935/1935-04-27.jpg,772102,ok
1935-05-04,1935,,,,archive/1935/1935-05-04.jpg,1018729,ok
1935-05-11,1935,,,,archive/1935/1935-05-11.jpg,1103959,ok
1935-05-18,1935,,,,archive/1935/1935-05-18.jpg,925639,ok
1935-05-25,1935,"HIGHER SHOULDERS—WIDER, DEEPER NON-SKID TREAD—-MORE RUBBER ON THE ROAD....",,,archive/1935/1935-05-25.jpg,931483,ok
1935-06-01,1935,,,,archive/1935/1935-06-01.jpg,939545,ok
1935-06-08,1935,,,,archive/1935/1935-06-08.jpg,977732,ok
1935-06-15,1935,,,,archive/1935/1935-06-15.jpg,897494,ok
1935-06-22,1935,,,,archive/1935/1935-06-22.jpg,954268,ok
1935-06-29,1935,,,,archive/1935/1935-06-29.jpg,1197249,ok
1935-07-06,1935,,,,archive/1935/1935-07-06.jpg,823769,ok
1935-07-13,1935,,,,archive/1935/1935-07-13.jpg,959825,ok
1935-07-20,1935,,,,archive/1935/1935-07-20.jpg,1088539,ok
1935-07-27,1935,,,,archive/1935/1935-07-27.jpg,864865,ok
1935-08-03,1935,,,,archive/1935/1935-08-03.jpg,921408,ok
1935-08-10,1935,NEVER BEFORE 44-2 TON TRUCK 14-22 TONS,,,archive/1935/1935-08-10.jpg,1066360,ok
1935-08-17,1935,,,,archive/1935/1935-08-17.jpg,968731,ok
1935-08-24,1935,,,,archive/1935/1935-08-24.jpg,862739,ok
1935-08-31,1935,3USINESS NDICATOR McG RAW-HILL,,,archive/1935/1935-08-31.jpg,841550,ok
1935-09-07,1935,,,,archive/1935/1935-09-07.jpg,938141,ok
1935-09-14,1935,McG RAW-HILL 1VYAINSS NYOIHOIN JO ALISUAAINA,,,archive/1935/1935-09-14.jpg,811828,ok
1935-09-21,1935,j McG RAW-HILL LuYESL) WHATS HYDIROIN 40 RLISWAAT'!,,,archive/1935/1935-09-21.jpg,954740,ok
1935-09-28,1935,ASHE. FABRICS FOR INDUSTRY BUSINES,,,archive/1935/1935-09-28.jpg,890487,ok
1935-10-05,1935,McG RAW-HILL HOIW HOSUY N’Y NVDIHOIN dO ALISHTAT' A,,,archive/1935/1935-10-05.jpg,846542,ok
1935-10-12,1935,BUSIN NDICAT YN ~(,,,archive/1935/1935-10-12.jpg,1136463,ok
1935-10-19,1935,OCT 2 1 193 McG RAW-HILL BOIN YORUY NV,,,archive/1935/1935-10-19.jpg,786143,ok
1935-10-26,1935,INDICATOR NEW YORA * CHICAGO « WASHINGTON «SAN FRANCISCO,,,archive/1935/1935-10-26.jpg,977194,ok
1935-11-02,1935,McG RAW-HILL,,,archive/1935/1935-11-02.jpg,799963,ok
1935-11-09,1935,""" , HOTM YOSaUY NIV AUVUEI'! IVHINAD NVDOIHOIN JO ALTSYTAINA",,,archive/1935/1935-11-09.jpg,1005989,ok
1935-11-16,1935,PUBLISHL IVHINGD CORPORATION FE,,,archive/1935/1935-11-16.jpg,1014890,ok
1935-11-23,1935,,,,archive/1935/1935-11-23.jpg,928302,ok
1935-11-30,1935,"SRR RAH SS TESS 130 DEGREES IN THE SHA § , SS",,,archive/1935/1935-11-30.jpg,1007771,ok
1935-12-07,1935,,,,archive/1935/1935-12-07.jpg,837963,ok
1935-12-14,1935,,,,archive/1935/1935-12-14.jpg,867231,ok
1935-12-21,1935,NATIONAL BROADCASTING Compe NEW YORK + CHICAGO + WASHINGTON + SAN JUST FOR LEFTOVERS,,,archive/1935/1935-12-21.jpg,861776,ok
1935-12-28,1935,sUSINESS INDICATOR McG RAW-HILL,,,archive/1935/1935-12-28.jpg,924525,ok
1936-01-04,1936,,,,archive/1936/1936-01-04.jpg,915797,ok
1936-01-11,1936,,,,archive/1936/1936-01-11.jpg,862119,ok
1936-01-18,1936,,,,archive/1936/1936-01-18.jpg,897644,ok
1936-01-25,1936,,,,archive/1936/1936-01-25.jpg,800500,ok
1936-02-01,1936,,,,archive/1936/1936-02-01.jpg,918956,ok
1936-02-08,1936,,,,archive/1936/1936-02-08.jpg,1079276,ok
1936-02-15,1936,,,,archive/1936/1936-02-15.jpg,845324,ok
1936-02-22,1936,,,,archive/1936/1936-02-22.jpg,1036602,ok
1936-02-29,1936,,,,archive/1936/1936-02-29.jpg,1021893,ok
1936-03-07,1936,,,,archive/1936/1936-03-07.jpg,1096434,ok
1936-03-14,1936,,,,archive/1936/1936-03-14.jpg,813859,ok
1936-03-21,1936,,,,archive/1936/1936-03-21.jpg,1122254,ok
1936-03-28,1936,,,,archive/1936/1936-03-28.jpg,888944,ok
1936-04-04,1936,,,,archive/1936/1936-04-04.jpg,1007190,ok
1936-04-11,1936,,,,archive/1936/1936-04-11.jpg,1083167,ok
1936-04-18,1936,,,,archive/1936/1936-04-18.jpg,916649,ok
1936-04-25,1936,,,,archive/1936/1936-04-25.jpg,885774,ok
1936-05-02,1936,,,,archive/1936/1936-05-02.jpg,856625,ok
1936-05-09,1936,,,,archive/1936/1936-05-09.jpg,942468,ok
1936-05-16,1936,,,,archive/1936/1936-05-16.jpg,869544,ok
1936-05-23,1936,,,,archive/1936/1936-05-23.jpg,956183,ok
1936-05-30,1936,,,,archive/1936/1936-05-30.jpg,1094219,ok
1936-06-06,1936,,,,archive/1936/1936-06-06.jpg,863683,ok
1936-06-13,1936,,,,archive/1936/1936-06-13.jpg,931522,ok
1936-06-20,1936,,,,archive/1936/1936-06-20.jpg,1126764,ok
1936-06-27,1936,‘i BUSINESS INDICATOR NYDIHOIR JO ALISWMAAI'N,,,archive/1936/1936-06-27.jpg,877206,ok
1936-07-04,1936,,,,archive/1936/1936-07-04.jpg,868478,ok
1936-07-18,1936,ISINESS HERE'S A TOUGH ON BUT ENDURO MAKES IT T!,,,archive/1936/1936-07-18.jpg,878228,ok
1936-07-25,1936,3USINESS NDICATOR McG RAW-HILL,,,archive/1936/1936-07-25.jpg,856266,ok
1936-08-01,1936,McG RAW-HILL NVDIHOIA JO ALIS? LITTLE DRAMAS OF AMERICAN,,,archive/1936/1936-08-01.jpg,810291,ok
1936-08-08,1936,»sWORKIN’ ON THE RAILROAD /REPUBLIC GENERAL OFFICES:,,,archive/1936/1936-08-08.jpg,933134,ok
1936-08-15,1936,,,,archive/1936/1936-08-15.jpg,854952,ok
1936-08-22,1936,UNIONS OSE 1 IT1ONS,,,archive/1936/1936-08-22.jpg,740379,ok
1936-08-29,1936,McG RAW-HILL HOIR HORHY NY RUVHEIT IWHINGD,,,archive/1936/1936-08-29.jpg,862717,ok
1936-09-05,1936,,,,archive/1936/1936-09-05.jpg,1088421,ok
1936-09-12,1936,VENTURI HILL HOIM HOSE N'Y,,,archive/1936/1936-09-12.jpg,936403,ok
1936-09-19,1936,,,,archive/1936/1936-09-19.jpg,970269,ok
1936-09-26,1936,BING DOLLAR. BUY MORE TIAX TUBING...,,,archive/1936/1936-09-26.jpg,872158,ok
1936-10-03,1936,BRAW-HILL LISHIN RUVEaT TWHINIS,,,archive/1936/1936-10-03.jpg,929824,ok
1936-10-10,1936,ENDURO STAINLESS STEEL “ENDURO’S THE TICKET AL SX,,,archive/1936/1936-10-10.jpg,969849,ok
1936-10-24,1936,HOIN HOSEY NV LEVESTI TWHINAD HYOIHOIA 40 ALISWIAT'A,,,archive/1936/1936-10-24.jpg,976039,ok
1936-10-31,1936,HOIN YOSEY N'Y AMVERTT ‘IVHINAD iYOIHSTM JO ALISHIAT'A,,,archive/1936/1936-10-31.jpg,900948,ok
1936-11-07,1936,,,,archive/1936/1936-11-07.jpg,902075,ok
1936-11-14,1936,McG RAW-HILL HOIA HOsdY NIV ABVEET TYHMMAD,,,archive/1936/1936-11-14.jpg,899484,ok
1936-11-21,1936,JUSINESS NDICATOR McG RAW-HILL,,,archive/1936/1936-11-21.jpg,765812,ok
1936-11-28,1936,",USINESS NDICATOR HOIN HOEHV",,,archive/1936/1936-11-28.jpg,1059387,ok
1936-12-05,1936,,,,archive/1936/1936-12-05.jpg,850285,ok
1936-12-12,1936,,,,archive/1936/1936-12-12.jpg,881037,ok
1936-12-19,1936,gUSINESS NDICATOR,,,archive/1936/1936-12-19.jpg,1133401,ok
1936-12-26,1936,,,,archive/1936/1936-12-26.jpg,1064679,ok
1937-01-02,1937,,,,archive/1937/1937-01-02.jpg,853308,ok
1937-01-09,1937,PERFORMANC# SPEAKS LOUDER 7#4an GE » .,,,archive/1937/1937-01-09.jpg,1106834,ok
1937-01-16,1937,"McG RAW-HILL GENERAL OFFICES . . . CLEVELAND, OHIO HIGHEST RUST-RESISTANCE",,,archive/1937/1937-01-16.jpg,837049,ok
1937-01-23,1937,"5 J, SHERWI",,,archive/1937/1937-01-23.jpg,861644,ok
1937-01-30,1937,LTOSS McG RAW-HILL ENDURO,,,archive/1937/1937-01-30.jpg,970453,ok
1937-02-06,1937,JSINESS yDICATOR USE THIS FOR PROMPT RF,,,archive/1937/1937-02-06.jpg,929925,ok
1937-02-13,1937,"BUSINESS, INDICATOR HIGHEST RUST-RESISTANCE",,,archive/1937/1937-02-13.jpg,857374,ok
1937-02-20,1937,,,,archive/1937/1937-02-20.jpg,836081,ok
1937-02-27,1937,COUNT ON ENDURO FOR LONG-LASTING COUNTER: ENDURO “GOES WEST’,,,archive/1937/1937-02-27.jpg,874132,ok
1937-03-06,1937,,,,archive/1937/1937-03-06.jpg,999875,ok
1937-03-13,1937,McG RAW-HILL 40 LLISUTAD a HIGHEST RUST-RESISTANCE,,,archive/1937/1937-03-13.jpg,808630,ok
1937-03-20,1937,BELIEV! ELECTR BUSINESS,,,archive/1937/1937-03-20.jpg,892613,ok
1937-03-27,1937,HOIN WHEN TROUBLE TROUBLES YOU—DO THIS: CONTINUOUS ECONOMY FOR,,,archive/1937/1937-03-27.jpg,870274,ok
1937-04-03,1937,,,,archive/1937/1937-04-03.jpg,1092202,ok
1937-04-10,1937,3Z3USINE FULL STEAM ABEAD—W HIGHEST RUST-RESISTANCE,,,archive/1937/1937-04-10.jpg,850060,ok
1937-04-17,1937,APR 19 197 OW? .,,,archive/1937/1937-04-17.jpg,979204,ok
1937-04-24,1937,,,,archive/1937/1937-04-24.jpg,855708,ok
1937-05-01,1937,LORNING EVERY DAY,,,archive/1937/1937-05-01.jpg,790569,ok
1937-05-08,1937,,,,archive/1937/1937-05-08.jpg,875594,ok
1937-05-15,1937,,,,archive/1937/1937-05-15.jpg,773209,ok
1937-05-22,1937,,,,archive/1937/1937-05-22.jpg,901528,ok
1937-06-05,1937,McG RAW-HILL REVSETT ‘IWHITI9 HYOTHorm 40 ALISUWIAT'A,,,archive/1937/1937-06-05.jpg,939119,ok
1937-06-12,1937,,,,archive/1937/1937-06-12.jpg,883002,ok
1937-06-19,1937,,,,archive/1937/1937-06-19.jpg,920018,ok
1937-06-26,1937,,,,archive/1937/1937-06-26.jpg,960356,ok
1937-07-03,1937,,,,archive/1937/1937-07-03.jpg,884181,ok
1937-07-10,1937,> OF POLITICAL PROGNO PULLMAN PROGRESS,,,archive/1937/1937-07-10.jpg,880435,ok
1937-07-17,1937,,,,archive/1937/1937-07-17.jpg,928286,ok
1937-07-24,1937,HOI BOdUY NV RBVESTI TVHINGD NVOIHOIN 40 ALISHIAT'N,,,archive/1937/1937-07-24.jpg,738778,ok
1937-07-31,1937,,,,archive/1937/1937-07-31.jpg,774286,ok
1937-08-07,1937,,,,archive/1937/1937-08-07.jpg,989770,ok
1937-08-14,1937,,,,archive/1937/1937-08-14.jpg,1184624,ok
1937-08-21,1937,"M.C. RE ) ST : 0 SALE FEATURE Ho Vy,",,,archive/1937/1937-08-21.jpg,1345229,ok
1937-08-28,1937,,,,archive/1937/1937-08-28.jpg,820263,ok
1937-09-04,1937,,,,archive/1937/1937-09-04.jpg,831525,ok
1937-09-11,1937,,,,archive/1937/1937-09-11.jpg,1257643,ok
1937-09-18,1937,JO LLISWAAT 7 LIBR: SEp 2 LF 48 8,,,archive/1937/1937-09-18.jpg,860318,ok
1937-09-25,1937,INDICATOR McG RAW-HILL ALLEN,,,archive/1937/1937-09-25.jpg,802340,ok
1937-10-02,1937,"GENERAL OFFICES . . . CLEVELAND, OHIO [REPUBLIC STEEL",,,archive/1937/1937-10-02.jpg,893202,ok
1937-10-09,1937,INDICATOR BUT HE IS ‘ G.E.,,,archive/1937/1937-10-09.jpg,961572,ok
1937-10-16,1937,z Sh USE THIS COUPON FOR PROMPT REPLY OFFICE TRUSCO,,,archive/1937/1937-10-16.jpg,968315,ok
1937-10-23,1937,TSINESS WEEK New BUSINESS,,,archive/1937/1937-10-23.jpg,861876,ok
1937-10-30,1937,CONSTRUCTION: THE CRUCIAL FACTOR —A third of NVOIHOIA 40 ALISUAATI GENERAL OFFICES ... CLEVELAND by,,,archive/1937/1937-10-30.jpg,810488,ok
1937-11-06,1937,K =F ND = NTSANATALR EMAR ESM ANYS,,,archive/1937/1937-11-06.jpg,1142260,ok
1937-11-13,1937,INSTALMENT SELLING: THE REAL SIT VAI GO SEE IT_YOU'LL BE AMAZED! NEW COMFORT...,,,archive/1937/1937-11-13.jpg,1085011,ok
1937-11-20,1937,,,,archive/1937/1937-11-20.jpg,888818,ok
1937-11-27,1937,NOV. 27,,,archive/1937/1937-11-27.jpg,768536,ok
1937-12-04,1937,,,,archive/1937/1937-12-04.jpg,787077,ok
1937-12-11,1937,"‘STABILITY vs. INSTABILITY WHAT TAXES ARE DOING TO BUSINESS YOUNGSTOWN, OHIO",,,archive/1937/1937-12-11.jpg,875267,ok
1937-12-18,1937,,,,archive/1937/1937-12-18.jpg,834016,ok
1937-12-25,1937,,,,archive/1937/1937-12-25.jpg,820012,ok
1938-01-01,1938,JAN. 1,,,archive/1938/1938-01-01.jpg,825706,ok
1938-01-08,1938,,,,archive/1938/1938-01-08.jpg,856968,ok
1938-01-15,1938,,,,archive/1938/1938-01-15.jpg,930610,ok
1938-01-22,1938,"20 CEN HOIN NVOIHOIN 420 ALISWIAI""A",,,archive/1938/1938-01-22.jpg,840727,ok
1938-01-29,1938,HOIN NIV 12 JO STEEL,,,archive/1938/1938-01-29.jpg,781032,ok
1938-02-05,1938,,,,archive/1938/1938-02-05.jpg,762956,ok
1938-02-12,1938,,,,archive/1938/1938-02-12.jpg,1022259,ok
1938-02-19,1938,,,,archive/1938/1938-02-19.jpg,979989,ok
1938-02-26,1938,,,,archive/1938/1938-02-26.jpg,949028,ok
1938-03-05,1938,,,,archive/1938/1938-03-05.jpg,800430,ok
1938-03-12,1938,"H, R. 9682 IN THE HOUSE OF REPRESENTATIVES A BILL",,,archive/1938/1938-03-12.jpg,854938,ok
1938-03-19,1938,,,,archive/1938/1938-03-19.jpg,0,dead_404
1938-03-26,1938,BERGER MANUFACTURING DIVISION NILES STEEL PRODUCTS DIVISION RUBBER,,,archive/1938/1938-03-26.jpg,990917,ok
1938-04-02,1938,ISHING HOTM HOEY NYDIHOIN ALISUAAINS,,,archive/1938/1938-04-02.jpg,923162,ok
1938-04-09,1938,"ASSAY > SL STAMRANL, = W-HILL »",,,archive/1938/1938-04-09.jpg,912714,ok
1938-04-16,1938,¥-HILL SHING ENTS,,,archive/1938/1938-04-16.jpg,828093,ok
1938-04-23,1938,N¥YDIHOIN 40 XLISHTATEA BLACK HORSE CAME ASHORE,,,archive/1938/1938-04-23.jpg,1048923,ok
1938-04-30,1938,W- HILL ISHING ENTS,,,archive/1938/1938-04-30.jpg,843004,ok
1938-05-07,1938,,,,archive/1938/1938-05-07.jpg,1063325,ok
1938-05-14,1938,"= BUS, ADN LIBRARY ENTS",,,archive/1938/1938-05-14.jpg,887319,ok
1938-05-21,1938,"AND BETTER JOBS ""FARM RELIEF”: -- WITH RUBBER WARNER",,,archive/1938/1938-05-21.jpg,937370,ok
1938-05-28,1938,t(AW- HILL LISHING 3696 VALVES,,,archive/1938/1938-05-28.jpg,718381,ok
1938-06-04,1938,AW-HILL @ a ISHING BALLS,,,archive/1938/1938-06-04.jpg,1061824,ok
1938-06-11,1938,W-HILL » ISHING - << ‘ENTS,,,archive/1938/1938-06-11.jpg,810472,ok
1938-06-25,1938,,,,archive/1938/1938-06-25.jpg,968625,ok
1938-07-02,1938,W-HILL SHING ENTS,,,archive/1938/1938-07-02.jpg,886208,ok
1938-07-09,1938,W-HILL SHING ENTS,,,archive/1938/1938-07-09.jpg,1056462,ok
1938-07-16,1938,RAW-HILL ILISHING WARNER,,,archive/1938/1938-07-16.jpg,1138398,ok
1938-07-23,1938,,,,archive/1938/1938-07-23.jpg,892282,ok
1938-07-30,1938,"W-HILL SHING , THE NATIONAL BOARD OF FIRE UNDERWRITERS",,,archive/1938/1938-07-30.jpg,926149,ok
1938-08-06,1938,AW-HILL ISHING OFFICE,,,archive/1938/1938-08-06.jpg,1037740,ok
1938-08-13,1938,ISHING ENTS HOIR YOSUY NV,,,archive/1938/1938-08-13.jpg,953795,ok
1938-08-20,1938,ISHING ‘ENTS ' v HOIR YOGUY N'Y FF,,,archive/1938/1938-08-20.jpg,964372,ok
1938-08-27,1938,W-HILL ISHING = MYDIHOIM dO LUTSEI ATER,,,archive/1938/1938-08-27.jpg,804698,ok
1938-09-03,1938,V-HILL SHING PRODUCTS ENGINEERED TO PAY FOR THEMSELVES,,,archive/1938/1938-09-03.jpg,1072456,ok
1938-09-10,1938,V-HILL SHING ENTS,,,archive/1938/1938-09-10.jpg,876491,ok
1938-09-17,1938,SEP 19 1938 A ONE LINE HISTORY OF BUSINESS” ISHING,,,archive/1938/1938-09-17.jpg,919004,ok
1938-09-24,1938,RAW-HILL ILISHING DOWN GOES THE,,,archive/1938/1938-09-24.jpg,965700,ok
1938-10-01,1938,AW-HILL ISHING >ENTS,,,archive/1938/1938-10-01.jpg,778348,ok
1938-10-08,1938,AW-HILL ISHING ENTS,,,archive/1938/1938-10-08.jpg,861008,ok
1938-10-15,1938,FEU UUUES FURUUUEUES CURUUEUUUE CORUUUEEES CUUUEEREUE FET i RAW-HILL LISHING,,,archive/1938/1938-10-15.jpg,1025227,ok
1938-10-22,1938,,,,archive/1938/1938-10-22.jpg,791755,ok
1938-10-29,1938,OBER,,,archive/1938/1938-10-29.jpg,874341,ok
1938-11-05,1938,"FROM SEA AND RANCH... FARM AND ORCHARD A TOWER OF STRENGTH 16 WALL STREET, NEW YORK",,,archive/1938/1938-11-05.jpg,809868,ok
1938-11-12,1938,INESS CATOR BUILDING,,,archive/1938/1938-11-12.jpg,961762,ok
1938-11-19,1938,"YEAR x —S TY, YY YYY TY Y SINESS",,,archive/1938/1938-11-19.jpg,792828,ok
1938-11-26,1938,IN A DYE HOUSE! PRODUCTS ENGINEERED TO PAY FOR THEMSELVES,,,archive/1938/1938-11-26.jpg,964867,ok
1938-12-03,1938,,,,archive/1938/1938-12-03.jpg,898292,ok
1938-12-10,1938,WWOTHOIN 40 ALISUAAINN ORT WASHINGTON PLANT MAINTAIN PRODUCTS ENGINEERED TO PAY FOR THEMSELVES,,,archive/1938/1938-12-10.jpg,922477,ok
1938-12-17,1938,DEC 19 1938 NESS DEPARTMENT STORE,,,archive/1938/1938-12-17.jpg,925152,ok
1938-12-24,1938,4 YEAR ICATOR Sp \VOIHOIN 40 LI TSHIATAR ‘FROM MISSI,,,archive/1938/1938-12-24.jpg,857635,ok
1938-12-31,1938,,,,archive/1938/1938-12-31.jpg,803782,ok
1939-01-07,1939,"WORLD’S ONLY LIQUID M PRODUCTS ENGINEERED To PAY FOR, THEMSELVES UTS POWER COST:",,,archive/1939/1939-01-07.jpg,757693,ok
1939-01-14,1939,MEN IN YOUR SERVICE MACHINE ON,,,archive/1939/1939-01-14.jpg,754708,ok
1939-01-21,1939,PRODUCTS ENGINEERED TO PAY FOR THEMSELVES THEY GLEANED i EQUIPMENT THAT PAID FOR,,,archive/1939/1939-01-21.jpg,797112,ok
1939-01-28,1939,WEEF PRUSSIA SOVIET UNION,,,archive/1939/1939-01-28.jpg,927003,ok
1939-02-04,1939,(ESS {TOR AUVEETT ‘TWEANZD,,,archive/1939/1939-02-04.jpg,909490,ok
1939-02-11,1939,WARNER SWASEY $Li7 AVERAGE FIRE INSURANCE RATES 40.67,,,archive/1939/1939-02-11.jpg,861911,ok
1939-02-18,1939,PRODUCTS \ENGINEERED TO PAY FOR THEMSELVES IN PUMPING COSTS/ CITY ENGINEER LAURENCE,,,archive/1939/1939-02-18.jpg,921250,ok
1939-02-25,1939,HOUR. & SWASEY irae. COLUMBIA BROADCASTING 3 ‘SP,,,archive/1939/1939-02-25.jpg,709026,ok
1939-03-04,1939,STAND PRooucrs ENGINEERED TO PAY FOR THEMSELVES OWS CTT:,,,archive/1939/1939-03-04.jpg,915060,ok
1939-03-11,1939,NESS ‘ATOR WARNER,,,archive/1939/1939-03-11.jpg,884024,ok
1939-03-18,1939,WEEK ' = YEAR PRODUCTS ENGINEERED TO PAY FOR THEMSELVES,,,archive/1939/1939-03-18.jpg,819598,ok
1939-03-25,1939,"SWASEY BOSTON, MASS. A TOWER OF STRENGTH",,,archive/1939/1939-03-25.jpg,907310,ok
1939-04-01,1939,FROM AUSTRIA TO MEMEL THE STOCK MARKET @W-DIADAO|SOYIEZD,,,archive/1939/1939-04-01.jpg,927957,ok
1939-04-08,1939,THE COmVeRTSes AND SURE WAY TO GET THERE . AND RETAINS ITS UNCHANGED,,,archive/1939/1939-04-08.jpg,861738,ok
1939-04-15,1939,DAVES 'd PRODUCTS ENGINEERED TO PAY FOR THEMSELVES ALLIS-CHALMER’,,,archive/1939/1939-04-15.jpg,803208,ok
1939-04-22,1939,SWASEY WALL AND NAssAU,,,archive/1939/1939-04-22.jpg,759270,ok
1939-04-29,1939,,,,archive/1939/1939-04-29.jpg,782658,ok
1939-05-06,1939,,,,archive/1939/1939-05-06.jpg,852514,ok
1939-05-13,1939,,,,archive/1939/1939-05-13.jpg,891043,ok
1939-05-20,1939,"YEAR CATOR YOU CAN TURN IT BETTER, FASTER, FOR LESS",,,archive/1939/1939-05-20.jpg,736581,ok
1939-06-03,1939,WARNER SWASEY ..WITH A WARNER & S Ses .f,,,archive/1939/1939-06-03.jpg,958532,ok
1939-06-10,1939,,,,archive/1939/1939-06-10.jpg,749479,ok
1939-06-17,1939,WARNER SWASEY YORK ENGINEERED REFRIGERATION,,,archive/1939/1939-06-17.jpg,793147,ok
1939-06-24,1939,YEAR INESS ATOR,,,archive/1939/1939-06-24.jpg,783532,ok
1939-07-01,1939,YEAR INESS CATOR,,,archive/1939/1939-07-01.jpg,799668,ok
1939-07-08,1939,YEAR CATOR CUT:IZ50,,,archive/1939/1939-07-08.jpg,832182,ok
1939-07-15,1939,,,,archive/1939/1939-07-15.jpg,855254,ok
1939-07-22,1939,STORY OF THE VARI-PITCH OPEED CHANG PAMP,,,archive/1939/1939-07-22.jpg,834645,ok
1939-07-29,1939,,,,archive/1939/1939-07-29.jpg,925350,ok
1939-08-05,1939,IS : WEEK : YEAR .,,,archive/1939/1939-08-05.jpg,857061,ok
1939-08-12,1939,YEAR NESS : SATOR,,,archive/1939/1939-08-12.jpg,817775,ok
1939-08-19,1939,7 HARD YEARS ON THE JOB WITH. NO TIME-OUT OR REPAIRS,,,archive/1939/1939-08-19.jpg,882011,ok
1939-08-26,1939,{ESS THE HISTORY OF TWO MEN AND THEIR MACHINES 50 WHAT?,,,archive/1939/1939-08-26.jpg,992045,ok
1939-09-02,1939,YEAR (ESS (TOR,,,archive/1939/1939-09-02.jpg,908766,ok
1939-09-09,1939,,,,archive/1939/1939-09-09.jpg,856555,ok
1939-09-16,1939,COVER YOUR WAR YEAR HOW MICHIGAN CITY,,,archive/1939/1939-09-16.jpg,893849,ok
1939-09-23,1939,,,,archive/1939/1939-09-23.jpg,843556,ok
1939-09-30,1939,PLACE FO AKLING PRODUCTS ENGINEERED TO PAY FOR THEMSELVES,,,archive/1939/1939-09-30.jpg,855463,ok
1939-10-07,1939,AGO . YEAR VET & AIBA,,,archive/1939/1939-10-07.jpg,851058,ok
1939-10-14,1939,,,,archive/1939/1939-10-14.jpg,893731,ok
1939-10-21,1939,,,,archive/1939/1939-10-21.jpg,838661,ok
1939-11-04,1939,,,,archive/1939/1939-11-04.jpg,884551,ok
1939-11-11,1939,,,,archive/1939/1939-11-11.jpg,899587,ok
1939-11-18,1939,STENOTYPE H E R 0 L D,,,archive/1939/1939-11-18.jpg,840257,ok
1939-11-25,1939,"THIS PRODUCTS ENGINEERED TO PAY FOR THEMSELVES A. W. HAMILTON, CHIEF ELECTRI.",,,archive/1939/1939-11-25.jpg,891549,ok
1939-12-02,1939,,,,archive/1939/1939-12-02.jpg,933845,ok
1939-12-09,1939,YEAR 1S A MERCURYES:,,,archive/1939/1939-12-09.jpg,881090,ok
1939-12-16,1939,INESS CATOR WARNER,,,archive/1939/1939-12-16.jpg,985018,ok
1939-12-23,1939,,,,archive/1939/1939-12-23.jpg,974086,ok
1939-12-30,1939,NESS “ATOR HOIR BOsuY NIV,,,archive/1939/1939-12-30.jpg,906274,ok
1940-01-06,1940,""""" ag FOR THE NEW YEAR NESS ATOR",,,archive/1940/1940-01-06.jpg,822753,ok
1940-01-13,1940,SWASEY THIS,,,archive/1940/1940-01-13.jpg,920276,ok
1940-01-20,1940,YEAR GRINNELL,,,archive/1940/1940-01-20.jpg,910269,ok
1940-01-27,1940,,,,archive/1940/1940-01-27.jpg,964154,ok
1940-02-03,1940,B2YEAR REPAIR BIL FOR 119 LO-MAINTENANCE MOTORS PRODUCTS ERGINEERED TO PAY FOR THEMSELVES,,,archive/1940/1940-02-03.jpg,750320,ok
1940-02-10,1940,ERE'S O} WARNER RUBBER,,,archive/1940/1940-02-10.jpg,800920,ok
1940-02-17,1940,YET THE RIGHT OIL FILM WILL NOT BREAK,,,archive/1940/1940-02-17.jpg,920501,ok
1940-02-24,1940,HERE’S YOUR WARNER,,,archive/1940/1940-02-24.jpg,809077,ok
1940-03-02,1940,SIX MONTHS OF WAR YL 50 INDUSTRIAL STOCKS WAR HEADLINES”,,,archive/1940/1940-03-02.jpg,856323,ok
1940-03-09,1940,WARNER SWASEY Z. 7,,,archive/1940/1940-03-09.jpg,853223,ok
1940-03-16,1940,,,,archive/1940/1940-03-16.jpg,831982,ok
1940-03-23,1940,,,,archive/1940/1940-03-23.jpg,860851,ok
1940-03-30,1940,BY INVESTING $1250 IN ALLIS-CHALMERS PUMPS! ODUCTS ENGINEERED TO) PAY FOR THEMSELVES,,,archive/1940/1940-03-30.jpg,824576,ok
1940-04-06,1940,LATIN AMERICAN BONDS —1940 a GUIANA ECUADOR,,,archive/1940/1940-04-06.jpg,836252,ok
1940-04-13,1940,"YEAR ESS | ( ; CRANE CO., GENERAL OFFICES",,,archive/1940/1940-04-13.jpg,869714,ok
1940-04-20,1940,PESECECCCSSS TCE STL ER TEES! You CAN TURN IT BETTER. FASTER. FOR LESS... WARNER,,,archive/1940/1940-04-20.jpg,840365,ok
1940-04-27,1940,,,,archive/1940/1940-04-27.jpg,863603,ok
1940-05-04,1940,,,,archive/1940/1940-05-04.jpg,946118,ok
1940-05-11,1940,,,,archive/1940/1940-05-11.jpg,858417,ok
1940-05-18,1940,"uld BLITZKRIEG IN THE MARKETS , ARE PAID TO BE DISSATISFIED FOR TRUCKS",,,archive/1940/1940-05-18.jpg,841537,ok
1940-05-25,1940,SAVESS|65§ PRODUCTS ENGINEERED TO PAY FOR THEMSELVES | 2,,,archive/1940/1940-05-25.jpg,854596,ok
1940-06-01,1940,WARNER SWASEY NEW YORK,,,archive/1940/1940-06-01.jpg,904081,ok
1940-06-08,1940,,,,archive/1940/1940-06-08.jpg,900837,ok
1940-06-15,1940,WARNER SWASEY FOR TRUCKS,,,archive/1940/1940-06-15.jpg,834912,ok
1940-06-22,1940,MEMO: A HITLER PEACE YEAR INESS,,,archive/1940/1940-06-22.jpg,818745,ok
1940-06-29,1940,EWEEK WARNER & SWASEY You CAN TURN IT BETTER. FASTER.,,,archive/1940/1940-06-29.jpg,815987,ok
1940-07-06,1940,INESS CATOR NATIONAL 28US™4* ASSOCIATION,,,archive/1940/1940-07-06.jpg,886359,ok
1940-07-13,1940,WARNER SWASEY COTE,,,archive/1940/1940-07-13.jpg,827851,ok
1940-07-20,1940,WEEK 2 INESS YEAR A >,,,archive/1940/1940-07-20.jpg,871314,ok
1940-07-27,1940,YEAR PNESS iBATOR,,,archive/1940/1940-07-27.jpg,772707,ok
1940-08-03,1940,"AIRPLANE INDUSTRY CLIMBS TO"" W HIGH NATION-WIDE SERVICE THROUGH joao CRANE CO., GENERAL OFFICES",,,archive/1940/1940-08-03.jpg,944870,ok
1940-08-10,1940,,,,archive/1940/1940-08-10.jpg,883941,ok
1940-08-17,1940,TEXROPE DRI GOING STRO AFTER 10 YEARS ON THE JOB!,,,archive/1940/1940-08-17.jpg,826615,ok
1940-08-24,1940,,,,archive/1940/1940-08-24.jpg,843656,ok
1940-08-31,1940,SINESS ICATOR VVVVVV Nh),,,archive/1940/1940-08-31.jpg,890685,ok
1940-09-14,1940,ALLIS-CHALMERS PUN A PAYS FOR (TSE: IN 8 MONTHS!,,,archive/1940/1940-09-14.jpg,849681,ok
1940-09-21,1940,gREAKFAST AND WERE! WARNER,,,archive/1940/1940-09-21.jpg,910723,ok
1940-09-28,1940,YEAR INESS CUSTOMER,,,archive/1940/1940-09-28.jpg,852925,ok
1940-10-05,1940,WARNER SWASEY THE INTIMATE LIFE STORY OF,,,archive/1940/1940-10-05.jpg,947745,ok
1940-10-12,1940,,,,archive/1940/1940-10-12.jpg,827373,ok
1940-10-19,1940,,,,archive/1940/1940-10-19.jpg,1035791,ok
1940-10-26,1940,"COLLECTIVE BARGAINING—BY EMPLOYERS INESS ; 30 ROCKEFELLER PLAZA, NEW YORK, N",,,archive/1940/1940-10-26.jpg,819691,ok
1940-11-02,1940,JSINESS,,,archive/1940/1940-11-02.jpg,811094,ok
1940-11-09,1940,USINESS NEEK NDEX PUBLISHED BY THE McCRAW-H,,,archive/1940/1940-11-09.jpg,875240,ok
1940-11-16,1940,WARNER SWASEY WASHINGTON BULLETIN,,,archive/1940/1940-11-16.jpg,782690,ok
1940-11-23,1940,USINESS NEEK NDEX,,,archive/1940/1940-11-23.jpg,824107,ok
1940-11-30,1940,,,,archive/1940/1940-11-30.jpg,720842,ok
1940-12-07,1940,"JSINESS 13) 2, PUBLISHED BY THEM SAVES'3I5",,,archive/1940/1940-12-07.jpg,855619,ok
1940-12-14,1940,"JSINESS 3 You CAN TURN IT BETTER, FASTER, FoR LESS... WITH A WARNER & SWASEY",,,archive/1940/1940-12-14.jpg,815054,ok
1940-12-21,1940,USINESS ; NDEX MOLDING,,,archive/1940/1940-12-21.jpg,788913,ok
1940-12-28,1940,VEEK 2. PUBLISHED BY THt WARNER,,,archive/1940/1940-12-28.jpg,792924,ok
1941-01-04,1941,ALDEN PARK BERKSHIRE KNITTING MILLS COMMERCIAL SOLVENTS CORPORATION,,,archive/1941/1941-01-04.jpg,782319,ok
1941-01-11,1941,BUSINES WARNER SWASEY,,,archive/1941/1941-01-11.jpg,1010103,ok
1941-01-18,1941,BUSINES,,,archive/1941/1941-01-18.jpg,960771,ok
1941-01-25,1941,SINESS ISHED BRE McC AND ROLLER,,,archive/1941/1941-01-25.jpg,864266,ok
1941-02-01,1941,"BUT ITS “CORRECT LUBRICATION"" IS VITAL TO U.S. A. INDUSTRY! CALL IN",,,archive/1941/1941-02-01.jpg,955005,ok
1941-02-08,1941,"ous, tn FOUR CRITICAL COMMODITY SITUATIONS . BUSINES DJ FMAMISASOND J",,,archive/1941/1941-02-08.jpg,858395,ok
1941-02-15,1941,ISINESS NATIONAL ASSOCIATION OF MANUFACTURERS AuVESTT,,,archive/1941/1941-02-15.jpg,967812,ok
1941-02-22,1941,R 40 KLTISUTATNO You CAN TURN IT BETTER. FASTER. FOR LESS... WITH A WARNER & SWASEY,,,archive/1941/1941-02-22.jpg,814104,ok
1941-03-01,1941,CALL IN SOCONY VACUUM,,,archive/1941/1941-03-01.jpg,796419,ok
1941-03-08,1941,WARNER SWASEY PURGE OG | N,,,archive/1941/1941-03-08.jpg,916783,ok
1941-03-15,1941,MUT TUAL LIBERTY She ANY NEW YORK,,,archive/1941/1941-03-15.jpg,655759,ok
1941-03-22,1941,BUSINES,,,archive/1941/1941-03-22.jpg,889537,ok
1941-03-29,1941,JBLISHED BY THE McCRAW-HILL PUBLISHIN IN THE NEW SILVERTOWN FREE MILES.,,,archive/1941/1941-03-29.jpg,859352,ok
1941-04-05,1941,ISINESS EEK 3 THE FORGED STEEL BEARING,,,archive/1941/1941-04-05.jpg,793206,ok
1941-04-12,1941,"“SMOOTH AS STILL WATER” PRINTING PAPERS KIMBERLY-CLARK CO | meNEENAH, WISCONSIN",,,archive/1941/1941-04-12.jpg,1016709,ok
1941-04-19,1941,,,,archive/1941/1941-04-19.jpg,780082,ok
1941-04-26,1941,STOCK PRICES iG] FOR TRUCKS AND BUSES CHRYSLER,,,archive/1941/1941-04-26.jpg,809721,ok
1941-05-03,1941,HOIN HOSE WARNER SWASEY,,,archive/1941/1941-05-03.jpg,749900,ok
1941-05-10,1941,,,,archive/1941/1941-05-10.jpg,887199,ok
1941-05-17,1941,,,,archive/1941/1941-05-17.jpg,793381,ok
1941-05-24,1941,INESS NEW THRILLS ON OLD TRAILS! FIRST IN VALUEP’’,,,archive/1941/1941-05-24.jpg,804783,ok
1941-05-31,1941,40 RLLSUAALM THE STAFF,,,archive/1941/1941-05-31.jpg,1011660,ok
1941-06-07,1941,,,,archive/1941/1941-06-07.jpg,800009,ok
1941-06-14,1941,ENOUGH POWER FOR DEFENSE? race 22) .° WARNER SWASEY,,,archive/1941/1941-06-14.jpg,820333,ok
1941-06-21,1941,SINESS EX PUBLISH CALL IN,,,archive/1941/1941-06-21.jpg,932325,ok
1941-06-28,1941,WARNER SWASEY THE STAFF,,,archive/1941/1941-06-28.jpg,788300,ok
1941-07-05,1941,"WG, . MOLDING THROUGH",,,archive/1941/1941-07-05.jpg,841353,ok
1941-07-12,1941,INESS ea MWOTHOIA JO kh TISU7A TNA WARNER,,,archive/1941/1941-07-12.jpg,951645,ok
1941-07-19,1941,BUSINES 40 LLISWAAT ISHED BY THE Mc RAW PUBLISHII,,,archive/1941/1941-07-19.jpg,928682,ok
1941-07-26,1941,You CAN TURN IT BETTER. FASTER. WARNER FOR LESS... WITH A WARNER & SWASEY & SWASEY,,,archive/1941/1941-07-26.jpg,918931,ok
1941-08-02,1941,LIBRARY HOT HOSUY WIV W 40 ALISUAADIN,,,archive/1941/1941-08-02.jpg,857377,ok
1941-08-09,1941,ABVUET 1 TURRET LATHES WARNER,,,archive/1941/1941-08-09.jpg,836326,ok
1941-08-16,1941,NATIONAL DEFENSE AND THE FUTURE OF PROFITS STEPPING UP,,,archive/1941/1941-08-16.jpg,891559,ok
1941-08-23,1941,WARNER SWASEY THE STAFF,,,archive/1941/1941-08-23.jpg,955846,ok
1941-08-30,1941,,,,archive/1941/1941-08-30.jpg,963579,ok
1941-09-06,1941,"BUS. A SINES S =EK ,",,,archive/1941/1941-09-06.jpg,906200,ok
1941-09-13,1941,IBLISHED B ' ge THIS GUN FILLS BEARINGS WITH A NEW-TYPE al GREASE TO PROTECT MACHINES FROM FAILURE,,,archive/1941/1941-09-13.jpg,857847,ok
1941-09-20,1941,,,,archive/1941/1941-09-20.jpg,871981,ok
1941-09-27,1941,"WHY WASHINGTON IS WORRIED MOLDING 30 ROCKEFELLER PLAZA, NEW YORK,N.Y.",,,archive/1941/1941-09-27.jpg,912973,ok
1941-10-04,1941,NESS WARNER SWASEY,,,archive/1941/1941-10-04.jpg,932415,ok
1941-10-11,1941,,,,archive/1941/1941-10-11.jpg,842608,ok
1941-10-18,1941,1] SO SWASEY WARNER,,,archive/1941/1941-10-18.jpg,1029315,ok
1941-10-25,1941,ROTH BOdUY NY : KBVEETT TWHINe: © VOTHOIN JO ALTSUFATNN,,,archive/1941/1941-10-25.jpg,829945,ok
1941-11-01,1941,COMMITTEE PRIVATE WARNER,,,archive/1941/1941-11-01.jpg,919230,ok
1941-11-08,1941,,,,archive/1941/1941-11-08.jpg,944966,ok
1941-11-15,1941,a ONE HOUR UNTIL PLACE IS CLEAR SUNK WITHOUT TRACE,,,archive/1941/1941-11-15.jpg,897958,ok
1941-11-22,1941,DEFEND AMERICA NEW YORK,,,archive/1941/1941-11-22.jpg,893559,ok
1941-11-29,1941,,,,archive/1941/1941-11-29.jpg,852816,ok
1941-12-06,1941,ASANO NAR CR NEETU ENERO BABEL AAEBS 28 >UBLISHED BY THE MeGRAW-HILL PUBLISHJNC COMP 2.,,,archive/1941/1941-12-06.jpg,907029,ok
1941-12-13,1941,PUBLISHED BY THE MeGRAW-HILL PUBLISHIN WARNER SWASEY,,,archive/1941/1941-12-13.jpg,918962,ok
1941-12-20,1941,REVERT INS S HOTR 40 AINA REMINGTON RAND,,,archive/1941/1941-12-20.jpg,929921,ok
1941-12-27,1941,SINESS BALL AND ROLLER BEARINGS,,,archive/1941/1941-12-27.jpg,924945,ok
1942-01-03,1942,pUVEaTT “WHATS TO PROTECT COSTLY GEARS! TO HELP MAINTAIN,,,archive/1942/1942-01-03.jpg,1005136,ok
1942-01-10,1942,,,,archive/1942/1942-01-10.jpg,810763,ok
1942-01-17,1942,40 KLTSY SINES PUBLISHED BY THE Mc,,,archive/1942/1942-01-17.jpg,904671,ok
1942-01-24,1942,,,,archive/1942/1942-01-24.jpg,880158,ok
1942-01-31,1942,AL OILS HELP SPEED 5 FOR U.S.A. PLANES TO HELP MAINTAIN,,,archive/1942/1942-01-31.jpg,837710,ok
1942-02-07,1942,"You CAN TURN IT BETTER, FASTER. FOR LESS...WITH A WARNER & SWASEY WHO ARE WE",,,archive/1942/1942-02-07.jpg,883601,ok
1942-02-14,1942,"2, HOIm EORUY NIV Be HOT# JO AINA THE SECOND DISCOVERY OF AMERICA",,,archive/1942/1942-02-14.jpg,715867,ok
1942-02-21,1942,YEAR JSINESS IDEX,,,archive/1942/1942-02-21.jpg,787731,ok
1942-02-28,1942,BUSINES: HOW SPECIAL DIESEL OILS HELP ASSURE DEPENDABLE POWER,,,archive/1942/1942-02-28.jpg,939383,ok
1942-03-07,1942,BEEN TOO LITTLE BUT IT’S NOT TOO LATE WARNER SWASEY,,,archive/1942/1942-03-07.jpg,840919,ok
1942-03-14,1942,SINESS WASHINGTON BULLETIN WHAT THE WASHINGTON NEWS MEANS TO MANAGEMENT,,,archive/1942/1942-03-14.jpg,956695,ok
1942-03-21,1942,BUSINES INESS 7 WOIN HOdHY AT YOUR MACHINE,,,archive/1942/1942-03-21.jpg,968329,ok
1942-03-28,1942,BUSINES,,,archive/1942/1942-03-28.jpg,1003804,ok
1942-04-04,1942,... WITH A WARNER & SWASEY WASHINGTON BULLETIN WHAT THE WASHINGTON NEWS MEANS TO MANAGEMENT,,,archive/1942/1942-04-04.jpg,804920,ok
1942-04-11,1942,WOTH HOEUY IVDIHOIN 40 LLTSHFATON HOW TO SEE RED...AND LIKE IT!,,,archive/1942/1942-04-11.jpg,870410,ok
1942-04-18,1942,"PUBLI ‘RA, WASHINGTON BULLETIN",,,archive/1942/1942-04-18.jpg,866002,ok
1942-04-25,1942,HG ©) ROTH BARRELS FABRICATED METAL PARTS — :,,,archive/1942/1942-04-25.jpg,1013294,ok
1942-05-02,1942,WARNER WASHINGTON BULLETIN WHAT THE WASHINGTON NEWS MEANS TO MANAGEMENT,,,archive/1942/1942-05-02.jpg,795784,ok
1942-05-09,1942,qEMEST PUBLISHED BY COLOR FOR RUBIES...,,,archive/1942/1942-05-09.jpg,911433,ok
1942-05-16,1942,PUBL WARNER SWASEY,,,archive/1942/1942-05-16.jpg,993095,ok
1942-05-23,1942,TO HELP MAINTAIN CAPACITY PRODUCTION CALL IN,,,archive/1942/1942-05-23.jpg,829302,ok
1942-05-30,1942,WARNER SWASEY WASHINGTON BULLETIN,,,archive/1942/1942-05-30.jpg,777991,ok
1942-06-06,1942,HED BY THE MecGRAW-H CAN YOU MAKE THESE SPELL HEALTH ° CARBIDE AND CARBON CHEMICALS CORPORATION,,,archive/1942/1942-06-06.jpg,853897,ok
1942-06-13,1942,A G COMP PUBLISHET WARNER ;,,,archive/1942/1942-06-13.jpg,818785,ok
1942-06-20,1942,BUSINE! {ESS CK (PAGE 26),,,archive/1942/1942-06-20.jpg,984053,ok
1942-06-27,1942,WASHINGTON BULLETIN WHAT THE WASHINGTON NEWS MEANS TO MANAGEMENT SPECIAL REPORTS,,,archive/1942/1942-06-27.jpg,1138183,ok
1942-07-04,1942,BUSINES PROOUCE FOR VICTE SINESS,,,archive/1942/1942-07-04.jpg,974210,ok
1942-07-11,1942,SINESS : DEX PUBL VICTORY | //,,,archive/1942/1942-07-11.jpg,943819,ok
1942-07-18,1942,ESS ’ ALLE . 4 4 > 4 J :,,,archive/1942/1942-07-18.jpg,1021710,ok
1942-07-25,1942,LIBRARY NESS WARNER,,,archive/1942/1942-07-25.jpg,862508,ok
1942-08-01,1942,"“WEEK INESS U & ING COMP,",,,archive/1942/1942-08-01.jpg,896340,ok
1942-08-08,1942,WARNER SWASEY en BUSINESS WE,,,archive/1942/1942-08-08.jpg,827348,ok
1942-08-15,1942,BUSIN NESS LOOK AT THE MEALS HE GETS,,,archive/1942/1942-08-15.jpg,889843,ok
1942-08-22,1942,INE ; ; a HOTA WOSuV SS .3 EUVESI'I “ING! WARNER,,,archive/1942/1942-08-22.jpg,941342,ok
1942-08-29,1942,,,,archive/1942/1942-08-29.jpg,973811,ok
1942-09-12,1942,"BUSINES ""WEEK EX, UBLISH",,,archive/1942/1942-09-12.jpg,926596,ok
1942-09-19,1942,,,,archive/1942/1942-09-19.jpg,894820,ok
1942-09-26,1942,,,,archive/1942/1942-09-26.jpg,890265,ok
1942-10-03,1942,EXPLOSIVES,,,archive/1942/1942-10-03.jpg,875393,ok
1942-10-10,1942,PUBLISHED BY THE McCRAW-HILL PUBLISHI?*:C COMPA AT WORK ON AN “7 AIRPLANE CYLINDE,,,archive/1942/1942-10-10.jpg,900321,ok
1942-10-17,1942,BUSINES,,,archive/1942/1942-10-17.jpg,872991,ok
1942-10-24,1942,BOIS &! NEW YORK THE HARTFORD STEAM BOILER INSPECTION,,,archive/1942/1942-10-24.jpg,834359,ok
1942-10-31,1942,PUBLISHIN 218 AMERICAN BOMBERS DESTROYED BY AMERICANS,,,archive/1942/1942-10-31.jpg,863746,ok
1942-11-07,1942,BUSINES START OF WA,,,archive/1942/1942-11-07.jpg,1030684,ok
1942-11-14,1942,,,,archive/1942/1942-11-14.jpg,894885,ok
1942-11-21,1942,BUSINES,,,archive/1942/1942-11-21.jpg,962874,ok
1942-11-28,1942,RUVEG. I Tv @O XKLISUTA: SOLDIERS WITHOUT UNIFORM,,,archive/1942/1942-11-28.jpg,960936,ok
1942-12-05,1942,HOIs 40 AID IS QUELLED BY THE RIGHT OIL TO HELP MAINTAIN,,,archive/1942/1942-12-05.jpg,887075,ok
1942-12-12,1942,,,,archive/1942/1942-12-12.jpg,874540,ok
1942-12-19,1942,DEATH CAR... iSHLIGHTS AND BATTERIES,,,archive/1942/1942-12-19.jpg,810941,ok
1942-12-26,1942,“RETSHAAT 6 FASTER. FOR LESS... WITH A WARNER,,,archive/1942/1942-12-26.jpg,1036458,ok
1943-01-02,1943,,,,archive/1943/1943-01-02.jpg,963178,ok
1943-01-09,1943,BUSINES,,,archive/1943/1943-01-09.jpg,912195,ok
1943-01-16,1943,"J, / FLAMES THAT CUT TIME! FIGHT WITH YOUR DOLLARS...",,,archive/1943/1943-01-16.jpg,795900,ok
1943-01-23,1943,START OF WAR FARM PRICES — BROWN’S HEADACHE,,,archive/1943/1943-01-23.jpg,882091,ok
1943-01-30,1943,TO HELP MAINTAIN CAPACITY PRODUCTION CALL IN,,,archive/1943/1943-01-30.jpg,881719,ok
1943-02-06,1943,"WARNER SWASEY You CAN TURN IT BETTER,",,,archive/1943/1943-02-06.jpg,954281,ok
1943-02-13,1943,START F WAR SINESS,,,archive/1943/1943-02-13.jpg,826651,ok
1943-02-20,1943,TO SHOP WITH WAR RATION BOOK Two’ 6 Buy EARLY INTHE DAY JSINESS,,,archive/1943/1943-02-20.jpg,934089,ok
1943-02-27,1943,JSINESS /EEK TO HELP MAINTAIN,,,archive/1943/1943-02-27.jpg,846774,ok
1943-03-06,1943,THE “REAL” PAY ENVELOPE 3 JSINESS ‘DEX,,,archive/1943/1943-03-06.jpg,855884,ok
1943-03-13,1943,USINESS VEEK NDE X,,,archive/1943/1943-03-13.jpg,990347,ok
1943-03-20,1943,AW-HILL PUBL SHING BLISHED BY THE McGR WARNER,,,archive/1943/1943-03-20.jpg,895946,ok
1943-03-27,1943,ISINESS 100 OCTANE GASOLIN FIRST IN RUBBER,,,archive/1943/1943-03-27.jpg,862925,ok
1943-04-03,1943,3USINESS ; : i NDEX ' ’ : WARNER,,,archive/1943/1943-04-03.jpg,911988,ok
1943-04-10,1943,"“BUSINES ""WEEK SUSINESS",,,archive/1943/1943-04-10.jpg,930794,ok
1943-04-17,1943,SINESS WARNER Si You CAN TURN IT BETTER. FASTER. FOR LESS,,,archive/1943/1943-04-17.jpg,977039,ok
1943-04-24,1943,» START OF WAR USINESS\ | 2a :,,,archive/1943/1943-04-24.jpg,867462,ok
1943-05-01,1943,USINESS NDEX a) PE Mc CRAW HILE PUBLISHIN . SWASEY,,,archive/1943/1943-05-01.jpg,826533,ok
1943-05-08,1943,"JSINESS ‘EEK CARBON CHEMICALS CORPORATION, a Unit of UCC,",,,archive/1943/1943-05-08.jpg,917179,ok
1943-05-15,1943,,,,archive/1943/1943-05-15.jpg,913243,ok
1943-05-22,1943,WITH THE A OF THE ! RIGHT OIL!,,,archive/1943/1943-05-22.jpg,913740,ok
1943-05-29,1943,"You CAN TuRN IT BETTER, FASTER, FOR LESS... WITH A",,,archive/1943/1943-05-29.jpg,869210,ok
1943-06-05,1943,"ACTION! CAMERA! W ith CARBON, THE VERSATILE. MAN-MADE INFERNO",,,archive/1943/1943-06-05.jpg,776902,ok
1943-06-12,1943,,,,archive/1943/1943-06-12.jpg,999186,ok
1943-06-19,1943,"PUBLISHED 3-GS., ROTM LOTS WWOTHOTR 30 11",,,archive/1943/1943-06-19.jpg,902444,ok
1943-06-26,1943,WARNER SWASEY POWER,,,archive/1943/1943-06-26.jpg,754025,ok
1943-07-03,1943,"(=X, eM SECS TIIIIIIIAISIIA cee RECEIVED PROMISES TO PAY TO © YEARS",,,archive/1943/1943-07-03.jpg,1338718,ok
1943-07-10,1943,SINESS WARNER SWASEY,,,archive/1943/1943-07-10.jpg,860646,ok
1943-07-17,1943,TO HELP MAINTAIN CAPACITY PRODUCTION CALL IN,,,archive/1943/1943-07-17.jpg,874636,ok
1943-07-24,1943,PORE; SINESS SWASEY “ es . HAT,,,archive/1943/1943-07-24.jpg,876040,ok
1943-07-31,1943,"WAR PADS PUBLIC DEBT BY $100,000,000,000 : CHEMICALS CORPORATION and NATIONAL CARBON",,,archive/1943/1943-07-31.jpg,839360,ok
1943-08-07,1943,BALL AND ROLLER BEARINGS BUSINESS WE;,,,archive/1943/1943-08-07.jpg,884515,ok
1943-08-14,1943,THAT WAR PRODUCTION LAG— 750 Y 650 «< REQUIRES A STRONG OIL FILM!,,,archive/1943/1943-08-14.jpg,870750,ok
1943-08-21,1943,,,,archive/1943/1943-08-21.jpg,857592,ok
1943-08-28,1943,YEAR START OF WAR,,,archive/1943/1943-08-28.jpg,855621,ok
1943-09-04,1943,DEX DU BLISHED BY THEA Vu : WARNER & SWASEY BALL AND ROLLER,,,archive/1943/1943-09-04.jpg,803931,ok
1943-09-11,1943,THAT ARE VITAL TO WAR PRODUCTION TO HELP MAINTAIN CAPACITY PRODUCTION,,,archive/1943/1943-09-11.jpg,779693,ok
1943-09-18,1943,oi. q SELECTIVE SERVICE a : : 7 §=©LOCAL BOARD N° 261,,,archive/1943/1943-09-18.jpg,950327,ok
1943-09-25,1943,YEAR SPEEDING QUALITY STEELS! KNIVES THAT NEVER DULL!,,,archive/1943/1943-09-25.jpg,860475,ok
1943-10-02,1943,You CAN TuRN IT BETTER. FASTER. FOR LESS...WITH A WARNER & SWASEY FIRST IN RUBBER,,,archive/1943/1943-10-02.jpg,890148,ok
1943-10-09,1943,,,,archive/1943/1943-10-09.jpg,1041794,ok
1943-10-16,1943,"YEAR YOU CAN TURN IT BETTER, FASTER, FOR LESS... WITH A WARNER & SWASEY",,,archive/1943/1943-10-16.jpg,897723,ok
1943-10-23,1943,LEELA F TEN YEARS WORK IN TWO BUY UNITED STATES WAR BONDS AND STAMPS,,,archive/1943/1943-10-23.jpg,875789,ok
1943-10-30,1943,WARNER SWASEY WASE,,,archive/1943/1943-10-30.jpg,920504,ok
1943-11-06,1943,. BUSINESS TO HELP MAINTAIN CAPACITY PRODUCTION,,,archive/1943/1943-11-06.jpg,853103,ok
1943-11-13,1943,,,,archive/1943/1943-11-13.jpg,891262,ok
1943-11-20,1943,UNION CARBIDE AND CARBON CORPORATION BANKING SERVICE FOR THE JOB AHEAD,,,archive/1943/1943-11-20.jpg,762675,ok
1943-11-27,1943,WARNER SWASEY,,,archive/1943/1943-11-27.jpg,917147,ok
1943-12-04,1943,YEAR START OF WAR,,,archive/1943/1943-12-04.jpg,869348,ok
1943-12-11,1943,«= BUSINESS,,,archive/1943/1943-12-11.jpg,833266,ok
1943-12-18,1943,UNION CARBIDE ALLOYS AND METALS CHEMICALS,,,archive/1943/1943-12-18.jpg,919722,ok
1943-12-25,1943,,,,archive/1943/1943-12-25.jpg,840880,ok
1944-01-01,1944,YEAR START OF WAR,,,archive/1944/1944-01-01.jpg,916720,ok
1944-01-08,1944,,,,archive/1944/1944-01-08.jpg,942736,ok
1944-01-15,1944,START OF WAR BUY UNITED STATES WAR BONDS AND STAMPS,,,archive/1944/1944-01-15.jpg,919851,ok
1944-01-22,1944,SHIPBUILDING SINESS /WARNER,,,archive/1944/1944-01-22.jpg,950223,ok
1944-01-29,1944,. BUSINESS VETH lOWETS,,,archive/1944/1944-01-29.jpg,979241,ok
1944-02-05,1944,,,,archive/1944/1944-02-05.jpg,841308,ok
1944-02-12,1944,,,,archive/1944/1944-02-12.jpg,998232,ok
1944-02-19,1944,,,,archive/1944/1944-02-19.jpg,954336,ok
1944-02-26,1944,I; BUSINESS ISINESS LARGEST PRIVATE PRODUCER OF BUTADIENE TYPE,,,archive/1944/1944-02-26.jpg,953480,ok
1944-03-04,1944,"SINESS IT BETTER, FASTER, WARNER",,,archive/1944/1944-03-04.jpg,975765,ok
1944-03-11,1944,sINESS : LUYEST TMA } RYDIHOIN ZO KITSEIAT,,,archive/1944/1944-03-11.jpg,1006605,ok
1944-03-18,1944,,,,archive/1944/1944-03-18.jpg,947746,ok
1944-03-25,1944,,,,archive/1944/1944-03-25.jpg,1043023,ok
1944-04-08,1944,BUSINESS.,,,archive/1944/1944-04-08.jpg,933018,ok
1944-04-15,1944,YEAR,,,archive/1944/1944-04-15.jpg,1003281,ok
1944-04-22,1944,,,,archive/1944/1944-04-22.jpg,1054202,ok
1944-04-29,1944,,,,archive/1944/1944-04-29.jpg,953651,ok
1944-05-06,1944,PUBLISHED by HOTS 40 AIN DD THEY HELP BRING THE GIANTS nome BUY UNITED STATES WAR BONDS AND STAMPS,,,archive/1944/1944-05-06.jpg,952517,ok
1944-05-13,1944,SWASEY,,,archive/1944/1944-05-13.jpg,925463,ok
1944-05-20,1944,,,,archive/1944/1944-05-20.jpg,925834,ok
1944-05-27,1944,,,,archive/1944/1944-05-27.jpg,945803,ok
1944-06-03,1944,"""INDUSTRY HAS DELIVERED THE Goops JSINESS | HOLM KOaUY wi /EEK KSVEEI IW",,,archive/1944/1944-06-03.jpg,1007141,ok
1944-06-10,1944,ISINESS WARNER SWASEY,,,archive/1944/1944-06-10.jpg,931086,ok
1944-06-17,1944,. BUSINESS FIFTH WAR BLOAN GOAL,,,archive/1944/1944-06-17.jpg,1046784,ok
1944-06-24,1944,"ISINESS YOU CAN TURN IT BETTER, FASTER, FOR LESS... WARNER",,,archive/1944/1944-06-24.jpg,933993,ok
1944-07-01,1944,,,,archive/1944/1944-07-01.jpg,0,dead_404
1944-07-08,1944,JSINESS /EEK (DEX,,,archive/1944/1944-07-08.jpg,880272,ok
1944-07-15,1944,TO HELP MAINTAIN CAPACITY PRODUCTION CALL IN,,,archive/1944/1944-07-15.jpg,943829,ok
1944-07-22,1944,"SWASEY } CAN TURN IT BETTER, FASTER, FOR LESS...WITH A WARNER & SWASEY!",,,archive/1944/1944-07-22.jpg,770031,ok
1944-07-29,1944,JSINESS IDEX SCRUBBING STEEL WITH A BRUSH OF FLAMES,,,archive/1944/1944-07-29.jpg,803203,ok
1944-08-05,1944,,,,archive/1944/1944-08-05.jpg,797762,ok
1944-08-12,1944,BUSINESS.,,,archive/1944/1944-08-12.jpg,859579,ok
1944-08-19,1944,. BUSINESS},,,archive/1944/1944-08-19.jpg,886226,ok
1944-08-26,1944,YEAR,,,archive/1944/1944-08-26.jpg,809877,ok
1944-09-02,1944,JUSINESS /EEK NDE X,,,archive/1944/1944-09-02.jpg,810331,ok
1944-09-16,1944,DE RUVESIT WHINTS SWASEY,,,archive/1944/1944-09-16.jpg,746013,ok
1944-09-23,1944,,,,archive/1944/1944-09-23.jpg,760218,ok
1944-09-30,1944,. BUSINESS],,,archive/1944/1944-09-30.jpg,800728,ok
1944-10-07,1944,7 NWDIHDIN £0 ALTSE! 5. LOW TEMPERATURE FLEXIBILITY —down to —65° F. LARGEST PRIVATE PRODUCER OF SBUTADIENEL TYPE,,,archive/1944/1944-10-07.jpg,765088,ok
1944-10-14,1944,OBJECTIVE: THE HEART OF NAZI INDUSTRY ISINESS,,,archive/1944/1944-10-14.jpg,777444,ok
1944-10-21,1944,"Heas ARE THREE CHEMICALS CHEMICALS CORPORATION, lL; ETHYLENE GLYCOL, ETHANOL ay",,,archive/1944/1944-10-21.jpg,895701,ok
1944-10-28,1944,"JSINESS Me™ kX. EEK HOT SOGGY t) , a BOTH 40 AIN",,,archive/1944/1944-10-28.jpg,767502,ok
1944-11-04,1944,"JSINESS TO HELP MAINTAIN CAPACITY PRODUCTION, CALL IN",,,archive/1944/1944-11-04.jpg,837759,ok
1944-11-11,1944,"SINESS YOU CAN MACHINE IT BETTER, FASTER, FOR LESS...",,,archive/1944/1944-11-11.jpg,915763,ok
1944-11-18,1944,,,,archive/1944/1944-11-18.jpg,851983,ok
1944-11-25,1944,"WARNER SWASEY YOU CAN MACHINE IT BETTER, FASTER,",,,archive/1944/1944-11-25.jpg,871709,ok
1944-12-02,1944,SINESS . BEHIND THIS GIANT RAM-THE,,,archive/1944/1944-12-02.jpg,805922,ok
1944-12-09,1944,,,,archive/1944/1944-12-09.jpg,788621,ok
1944-12-16,1944,YEAR,,,archive/1944/1944-12-16.jpg,825826,ok
1944-12-23,1944,,,,archive/1944/1944-12-23.jpg,0,dead_404
1944-12-30,1944,USINESS VEEK NDEX,,,archive/1944/1944-12-30.jpg,806977,ok
1945-01-06,1945,BUSINES USINESS ‘ VEEK,,,archive/1945/1945-01-06.jpg,812978,ok
1945-01-13,1945,BUSINES 001 = PHG6L VOOM 4F4i2: COLO,,,archive/1945/1945-01-13.jpg,788351,ok
1945-01-20,1945,"WARNER SWASEY YOU CAN MACHINE IT BETTER,",,,archive/1945/1945-01-20.jpg,854389,ok
1945-01-27,1945,3S21 “HED MANAGEMENT: SOCONY-VACUUM,,,archive/1945/1945-01-27.jpg,875573,ok
1945-02-03,1945,,,,archive/1945/1945-02-03.jpg,971301,ok
1945-02-10,1945,. BUSINESS ’ WEEK START,,,archive/1945/1945-02-10.jpg,693743,ok
1945-02-17,1945,,,,archive/1945/1945-02-17.jpg,772662,ok
1945-02-24,1945,5 STEPS AEPUBLIC ENGINEERS DESIGN INDUSTRIAL RUBBER,,,archive/1945/1945-02-24.jpg,878276,ok
1945-03-03,1945,HOU BOGHY RNY BGT “TMGD HOTW 40 ATNN,,,archive/1945/1945-03-03.jpg,794620,ok
1945-03-10,1945,,,,archive/1945/1945-03-10.jpg,911370,ok
1945-03-24,1945,SINESS GENIRAL MOTORS SY MPHONY OF THE AIR “VICTORY IS OUR BUSINESS’,,,archive/1945/1945-03-24.jpg,821940,ok
1945-03-31,1945,"SINESS SWASEY YOU CAN MACHINE IT BETTER. FASTER,",,,archive/1945/1945-03-31.jpg,756813,ok
1945-04-07,1945,,,,archive/1945/1945-04-07.jpg,898632,ok
1945-04-14,1945,SWASEY PASE! CLUTCH,,,archive/1945/1945-04-14.jpg,791958,ok
1945-04-21,1945,[BUSINESS },,,archive/1945/1945-04-21.jpg,734523,ok
1945-04-28,1945,,,,archive/1945/1945-04-28.jpg,792669,ok
1945-05-05,1945,BUSINES,,,archive/1945/1945-05-05.jpg,922453,ok
1945-05-12,1945,: BUSINESS,,,archive/1945/1945-05-12.jpg,749956,ok
1945-05-19,1945,LUMBER OUTPUT FALLS TO NEW LOW 30 ALTSUSATNO FOR NEW ECONOMIES IN ANY IND: TRY,,,archive/1945/1945-05-19.jpg,846080,ok
1945-05-26,1945,"YOU CAN MACHINE IT BETTER, FASTER FOR LESS...WITH A WARNER & SWASE! BBER",,,archive/1945/1945-05-26.jpg,808630,ok
1945-06-02,1945,YEAR,,,archive/1945/1945-06-02.jpg,735677,ok
1945-06-09,1945,"WARNER SWASEY YOU CAN MACHINE IT BETTER, FASTE pt",,,archive/1945/1945-06-09.jpg,804811,ok
1945-06-23,1945,HOIn YOGuY ANY ASTI “ING! '19 HOIM 40 AING,,,archive/1945/1945-06-23.jpg,922318,ok
1945-06-30,1945,AGT! “INSD GRANULAR MATERIAL,,,archive/1945/1945-06-30.jpg,804321,ok
1945-07-07,1945,"SEVEN STEPS TO VICTORY . , WARNER SWASEY",,,archive/1945/1945-07-07.jpg,789700,ok
1945-07-14,1945,. BUSINESS,,,archive/1945/1945-07-14.jpg,799085,ok
1945-07-21,1945,WARNER SWASEY TURRET LATHES AND TAPPING MACHINES,,,archive/1945/1945-07-21.jpg,877642,ok
1945-07-28,1945,,,,archive/1945/1945-07-28.jpg,838448,ok
1945-08-04,1945,,,,archive/1945/1945-08-04.jpg,806977,ok
1945-08-11,1945,,,,archive/1945/1945-08-11.jpg,1022518,ok
1945-08-18,1945,BUSINESS # SWASEY . 3ER,,,archive/1945/1945-08-18.jpg,734116,ok
1945-08-25,1945,,,,archive/1945/1945-08-25.jpg,821010,ok
1945-09-01,1945,i. WEEK S CHINES YELLOW,,,archive/1945/1945-09-01.jpg,744792,ok
1945-09-08,1945,TS * PUBLISHED BY THE McG VY -MILL b WHAT HAS HAPPENEI,,,archive/1945/1945-09-08.jpg,840695,ok
1945-09-15,1945,,,,archive/1945/1945-09-15.jpg,841768,ok
1945-09-22,1945,LITERALLY NOTHING! BUY UNITED STATES WAR BONDS AND STAMPS UNION CARBIDE AND CARBON CORPORATION,,,archive/1945/1945-09-22.jpg,738631,ok
1945-09-29,1945,TWENT T ENTS + PUBLISHED BY THE MeGRAW-HILL PU,,,archive/1945/1945-09-29.jpg,858396,ok
1945-10-06,1945,"4 NYOINDIW 40 ALISHT «+= \S__\_ on""OVERHEAD' SOCONY-VACUUM OIL Co.,",,,archive/1945/1945-10-06.jpg,954883,ok
1945-10-13,1945,BUSINESS ©,,,archive/1945/1945-10-13.jpg,777108,ok
1945-10-20,1945,AR ARE YOu WHAT’S THE BIGGEST NEWS IN ELECTRIC. INSULATION ?,,,archive/1945/1945-10-20.jpg,763858,ok
1945-10-27,1945,,,,archive/1945/1945-10-27.jpg,858045,ok
1945-11-03,1945,"SOCONY-VACUUM OIL CO., IM CHECK THESE SUPERIOR FEATURES OF HYCAR",,,archive/1945/1945-11-03.jpg,769656,ok
1945-11-10,1945,FIRST IN RUBBER .-- ALKALINE BATTERIES,,,archive/1945/1945-11-10.jpg,732322,ok
1945-11-17,1945,,,,archive/1945/1945-11-17.jpg,773321,ok
1945-11-24,1945,,,,archive/1945/1945-11-24.jpg,738617,ok
1945-12-01,1945,,,,archive/1945/1945-12-01.jpg,806820,ok
1945-12-08,1945,,,,archive/1945/1945-12-08.jpg,776650,ok
1945-12-15,1945,,,,archive/1945/1945-12-15.jpg,928855,ok
1945-12-22,1945,,,,archive/1945/1945-12-22.jpg,788174,ok
1945-12-29,1945,,,,archive/1945/1945-12-29.jpg,880214,ok
1946-01-05,1946,"PUBLISHE JAN. 5, 1946 ASHINGTON BULLETIN",,,archive/1946/1946-01-05.jpg,854299,ok
1946-01-12,1946,PROCESS OF WELDING ELECTRICALLY BENEATH A MINERAL GRANULAR SOLIDIFIED MATERIAL,,,archive/1946/1946-01-12.jpg,840607,ok
1946-01-19,1946,,,,archive/1946/1946-01-19.jpg,896596,ok
1946-01-26,1946,I3USINESS,,,archive/1946/1946-01-26.jpg,849730,ok
1946-02-02,1946,USINESS WEEK .. YLOJ,,,archive/1946/1946-02-02.jpg,861461,ok
1946-02-09,1946,IBUSINESS. WEEK ..... HOW MUCH DO YOU KNOW,,,archive/1946/1946-02-09.jpg,941231,ok
1946-02-16,1946,,,,archive/1946/1946-02-16.jpg,928960,ok
1946-02-23,1946,,,,archive/1946/1946-02-23.jpg,884350,ok
1946-03-02,1946,WARNER SWASEY,,,archive/1946/1946-03-02.jpg,1008108,ok
1946-03-16,1946,WARNER SWASEY SAYS MISS DINGLE,,,archive/1946/1946-03-16.jpg,883118,ok
1946-03-23,1946,"GARGON, TUNE IN “INFORMATION PLEASE""—MONDAY EVENINGS, 9:30 E.S.T.—NBC iRST IN RUBBER",,,archive/1946/1946-03-23.jpg,934715,ok
1946-03-30,1946,SINESS ‘WARNER SWASEY,,,archive/1946/1946-03-30.jpg,861644,ok
1946-04-06,1946,NESS” EK .... UNION CARBIDE AND CARBON CORPORATION,,,archive/1946/1946-04-06.jpg,846992,ok
1946-04-13,1946,"APR. 13, 1946 WARNER SWASEY",,,archive/1946/1946-04-13.jpg,877253,ok
1946-04-20,1946,"USINESS> SOCONY-VACUUM SOCONYT-VACUUM OIL CO., ING.",,,archive/1946/1946-04-20.jpg,952010,ok
1946-04-27,1946,WARNER SWASEY NDER,,,archive/1946/1946-04-27.jpg,903938,ok
1946-05-11,1946,» HOIR BOEs VER ENTS - PUBLISHED BY THE MeGRAW-HILL PUBLIS WARNER,,,archive/1946/1946-05-11.jpg,1079157,ok
1946-05-18,1946,,,,archive/1946/1946-05-18.jpg,900937,ok
1946-05-25,1946,WARNER SWASEY BATTERY TRUCKS,,,archive/1946/1946-05-25.jpg,1011873,ok
1946-06-01,1946,SINESS YOU CAN DO WONDERFUL THINGS WITH REVERE MAGNESIUM NEW YORK,,,archive/1946/1946-06-01.jpg,930020,ok
1946-06-08,1946,SINESS SWASEY WARNER & SWASEY TURRET LATHES AND TAPPING MAC,,,archive/1946/1946-06-08.jpg,1001518,ok
1946-06-15,1946,(2) LOWER MAINTENANCE COSTS 4) LOWER LUBRICATION COSTS LARGEST PRIVATELY PRODUCED BUTATIENE TYPE CHECK THESE,,,archive/1946/1946-06-15.jpg,1104072,ok
1946-06-22,1946,ITTLE RED RIDING HOOD LITTLE RED RIDING HOOD WARNER,,,archive/1946/1946-06-22.jpg,1098372,ok
1946-06-29,1946,SINES > METALLURG RATED,,,archive/1946/1946-06-29.jpg,954628,ok
1946-07-06,1946,BUSINES BUSINESS 2 P WEEK 4,,,archive/1946/1946-07-06.jpg,1097705,ok
1946-07-13,1946,,,,archive/1946/1946-07-13.jpg,876769,ok
1946-07-20,1946,USINESS WEEK ..... 170—~ WEEK,,,archive/1946/1946-07-20.jpg,1035410,ok
1946-07-27,1946,USINESS WEEK .... YEAR,,,archive/1946/1946-07-27.jpg,843034,ok
1946-08-03,1946,,,,archive/1946/1946-08-03.jpg,869233,ok
1946-08-10,1946,USINESS TECK NOLOGY DRBPF Z UBLIC LIBRAR,,,archive/1946/1946-08-10.jpg,951686,ok
1946-08-17,1946,USINESS BUSINESS WEEK,,,archive/1946/1946-08-17.jpg,1046607,ok
1946-08-24,1946,"AUG. 24, 1946 30 HETRKOT > EY",,,archive/1946/1946-08-24.jpg,666327,ok
1946-08-31,1946,USINESS WEEK ......,,,archive/1946/1946-08-31.jpg,725603,ok
1946-09-07,1946,"USINESS TECE NOLOGY DEPT: W = = K SEPT. 7, 1946",,,archive/1946/1946-09-07.jpg,846771,ok
1946-09-14,1946,USINESS SN VEEK 1 NDBX “Ng,,,archive/1946/1946-09-14.jpg,942086,ok
1946-09-21,1946,,,,archive/1946/1946-09-21.jpg,926430,ok
1946-09-28,1946,,,,archive/1946/1946-09-28.jpg,696962,ok
1946-10-05,1946,,,,archive/1946/1946-10-05.jpg,1039276,ok
1946-10-12,1946,USINESS. WEEK ..... CHNOLOGY DEPT!,,,archive/1946/1946-10-12.jpg,770157,ok
1946-10-19,1946,3USINESS,,,archive/1946/1946-10-19.jpg,897090,ok
1946-10-26,1946,,,,archive/1946/1946-10-26.jpg,739487,ok
1946-11-02,1946,,,,archive/1946/1946-11-02.jpg,0,dead_404
1946-11-09,1946,IBUSINESS,,,archive/1946/1946-11-09.jpg,782175,ok
1946-11-16,1946,,,,archive/1946/1946-11-16.jpg,882067,ok
1946-11-23,1946,,,,archive/1946/1946-11-23.jpg,793037,ok
1946-11-30,1946,,,,archive/1946/1946-11-30.jpg,723974,ok
1946-12-07,1946,IBUSINESS,,,archive/1946/1946-12-07.jpg,1024317,ok
1946-12-14,1946,,,,archive/1946/1946-12-14.jpg,1142981,ok
1946-12-21,1946,,,,archive/1946/1946-12-21.jpg,881906,ok
1946-12-28,1946,USINESS WEEK ...... IUSINESS ;,,,archive/1946/1946-12-28.jpg,919109,ok
1947-01-04,1947,WEEK .... /WARNER SWASEY,,,archive/1947/1947-01-04.jpg,1142290,ok
1947-01-11,1947,,,,archive/1947/1947-01-11.jpg,1177667,ok
1947-01-18,1947,"JAN. 18, 1947 SWASEY RUBBER wnt SYNTHETIC",,,archive/1947/1947-01-18.jpg,893034,ok
1947-01-25,1947,BUSINES9S WEEK ..... WITH “‘SINEWS” OF OIE!,,,archive/1947/1947-01-25.jpg,1180223,ok
1947-02-01,1947,WEEK .... SINESS SWASEY,,,archive/1947/1947-02-01.jpg,959254,ok
1947-02-08,1947,,,,archive/1947/1947-02-08.jpg,949575,ok
1947-02-15,1947,,,,archive/1947/1947-02-15.jpg,1160884,ok
1947-02-22,1947,USINESS NESS,,,archive/1947/1947-02-22.jpg,922548,ok
1947-03-01,1947,USINESS WEEK ..... WARNER UK’,,,archive/1947/1947-03-01.jpg,1107009,ok
1947-03-08,1947,NEW YORK MEMBER FEDERAL DEPOSIT INSURANCE CORPORATION AIRCHIL,,,archive/1947/1947-03-08.jpg,967718,ok
1947-03-15,1947,WARNER M SWASEY m4 FIRST IN RUBBER,,,archive/1947/1947-03-15.jpg,1115877,ok
1947-03-22,1947,"A. IN, Wel ea HILI PUBLIC ATION “INSIDE STORY” TUNE IN THE MOBILGAS PROGRAM",,,archive/1947/1947-03-22.jpg,999718,ok
1947-03-29,1947,,,,archive/1947/1947-03-29.jpg,1272749,ok
1947-04-05,1947,BUSINES< WEEK ..... {ESS,,,archive/1947/1947-04-05.jpg,1119728,ok
1947-04-12,1947,Pe MARKET > SWASEY FIRST IN RUBBER,,,archive/1947/1947-04-12.jpg,1118478,ok
1947-04-19,1947,USINES FROZEN FOODS,,,archive/1947/1947-04-19.jpg,1001699,ok
1947-04-26,1947,SINESS SINESS DIIRLICATION,,,archive/1947/1947-04-26.jpg,1090251,ok
1947-05-03,1947,OTOUS IC DI NEW YORK,,,archive/1947/1947-05-03.jpg,1100493,ok
1947-05-10,1947,WEEK ..... FIRST IN RUBBER BUSINESS SHRINKS,,,archive/1947/1947-05-10.jpg,931601,ok
1947-05-17,1947,"WEEK .....» USINESS GARCOK,",,,archive/1947/1947-05-17.jpg,960316,ok
1947-05-24,1947,,,,archive/1947/1947-05-24.jpg,1019206,ok
1947-05-31,1947,,,,archive/1947/1947-05-31.jpg,1092800,ok
1947-06-07,1947,,,,archive/1947/1947-06-07.jpg,1006565,ok
1947-06-14,1947,FIRST IN RUBBER,,,archive/1947/1947-06-14.jpg,957795,ok
1947-06-21,1947,USINESS EER ...8 A Ae NN A.,,,archive/1947/1947-06-21.jpg,1010762,ok
1947-06-28,1947,,,,archive/1947/1947-06-28.jpg,1149427,ok
1947-07-05,1947,USINESS MIDDLE ATLANTIC MARKET b> YEAR,,,archive/1947/1947-07-05.jpg,839401,ok
1947-07-12,1947,SOCONY-VACUUM CORRECT LUBRICATION BUSINESS WEH,,,archive/1947/1947-07-12.jpg,1025466,ok
1947-07-19,1947,/ WARNER SWASEY,,,archive/1947/1947-07-19.jpg,914083,ok
1947-07-26,1947,TARE USINESS WEEK ......,,,archive/1947/1947-07-26.jpg,985558,ok
1947-08-02,1947,ER 2 NESS SWASEY,,,archive/1947/1947-08-02.jpg,1101824,ok
1947-08-09,1947,USINESS WEEK ..... YESS,,,archive/1947/1947-08-09.jpg,969846,ok
1947-08-16,1947,SWASEY,,,archive/1947/1947-08-16.jpg,1101047,ok
1947-08-23,1947,USINESS. WEEK... WORLD STANDARD OF THE,,,archive/1947/1947-08-23.jpg,943703,ok
1947-08-30,1947,THE NEW ENGLAND MARKET MASSACHUSETTS YOU DO,,,archive/1947/1947-08-30.jpg,1012467,ok
1947-09-06,1947,,,,archive/1947/1947-09-06.jpg,1135475,ok
1947-09-13,1947,FEK...5 BLICATION WARNER,,,archive/1947/1947-09-13.jpg,1099047,ok
1947-09-20,1947,TS LTOSS PUBL HUGHE,,,archive/1947/1947-09-20.jpg,1094355,ok
1947-09-27,1947,WEEK..... THE FARM WEST MARKET. ®& AINNESOTA,,,archive/1947/1947-09-27.jpg,944806,ok
1947-10-04,1947,,,,archive/1947/1947-10-04.jpg,1032371,ok
1947-10-11,1947,SWASEY HIME MODEL 92,,,archive/1947/1947-10-11.jpg,1065431,ok
1947-10-18,1947,,,,archive/1947/1947-10-18.jpg,1032713,ok
1947-10-25,1947,USINESS THE SOUTHEAST MARKET b> FLORIDA,,,archive/1947/1947-10-25.jpg,1087270,ok
1947-11-01,1947,SINESS INESS EK 3,,,archive/1947/1947-11-01.jpg,1135744,ok
1947-11-08,1947,TWEE RATT © OU DON’T WORK FOR MONEY-—you WARNER,,,archive/1947/1947-11-08.jpg,1162148,ok
1947-11-15,1947,PUBLICATION WORLD STANDARD OF THE INDUSTRY,,,archive/1947/1947-11-15.jpg,1109845,ok
1947-11-22,1947,ITUMIN BITUMINOUS & COAL BITUMINOUS COAL INSTITUTE,,,archive/1947/1947-11-22.jpg,1105498,ok
1947-11-29,1947,HOTR HOduY NRY AUVEET'I ‘TWESNSS VEEDER-READIN,,,archive/1947/1947-11-29.jpg,1169723,ok
1947-12-06,1947,N¥DTHOTM 40 LLISUAAT’A COLUMBIA BROADCASTING SYSTEM,,,archive/1947/1947-12-06.jpg,951202,ok
1947-12-13,1947,WORLD STANDARD OF THE INDUSTRY,,,archive/1947/1947-12-13.jpg,1082336,ok
1947-12-20,1947,THE NEW AMERICAN MARKET D> TION NVOTHOIN 40 LITSHIATYN Cg TT EE,,,archive/1947/1947-12-20.jpg,1109810,ok
1947-12-27,1947,USINESS WEEK ..... “INSIDE STORY”,,,archive/1947/1947-12-27.jpg,1019386,ok
1948-01-03,1948,WARNER SWASEY (OLIV IEDs,,,archive/1948/1948-01-03.jpg,1217414,ok
1948-01-10,1948,,,,archive/1948/1948-01-10.jpg,1228732,ok
1948-01-17,1948,,,,archive/1948/1948-01-17.jpg,1218049,ok
1948-01-24,1948,BOIR JO ALISESATNA NEW KB INTERNATIONALS INTERNATIONAL GREEN DIAMOND &,,,archive/1948/1948-01-24.jpg,1263173,ok
1948-01-31,1948,,,,archive/1948/1948-01-31.jpg,1069168,ok
1948-02-07,1948,,,,archive/1948/1948-02-07.jpg,1166312,ok
1948-02-14,1948,,,,archive/1948/1948-02-14.jpg,1120710,ok
1948-02-21,1948,,,,archive/1948/1948-02-21.jpg,967638,ok
1948-02-28,1948,YEAR,,,archive/1948/1948-02-28.jpg,1077894,ok
1948-03-06,1948,EX HOLM HOduY NT AUVUSIT TWIN ATION ‘0 WYDTHOIM 40 ALISUTAIA,,,archive/1948/1948-03-06.jpg,1038385,ok
1948-03-13,1948,WI SINESS NEEK NDEX,,,archive/1948/1948-03-13.jpg,1148648,ok
1948-03-20,1948,USINESS WEEK... READY F,,,archive/1948/1948-03-20.jpg,1068857,ok
1948-03-27,1948,TUSTIN WEEK ..... 4 A + K,,,archive/1948/1948-03-27.jpg,1153639,ok
1948-04-03,1948,WEEK ...... YEAR,,,archive/1948/1948-04-03.jpg,1033740,ok
1948-04-10,1948,,,,archive/1948/1948-04-10.jpg,1069119,ok
1948-04-17,1948,"APR. 17, 1948 YEAR NDEX",,,archive/1948/1948-04-17.jpg,1094776,ok
1948-04-24,1948,WEEK... WEES 4 AGO,,,archive/1948/1948-04-24.jpg,1207570,ok
1948-05-01,1948,YEAR,,,archive/1948/1948-05-01.jpg,1218458,ok
1948-05-08,1948,,,,archive/1948/1948-05-08.jpg,1090453,ok
1948-05-15,1948,,,,archive/1948/1948-05-15.jpg,1146621,ok
1948-05-22,1948,USN SSIS NDEX | HOIM BOSHY WHY LEGI “INGO,,,archive/1948/1948-05-22.jpg,1039852,ok
1948-05-29,1948,,,,archive/1948/1948-05-29.jpg,1017099,ok
1948-06-05,1948,,,,archive/1948/1948-06-05.jpg,1113657,ok
1948-06-12,1948,YEAR,,,archive/1948/1948-06-12.jpg,982103,ok
1948-06-19,1948,BUSINESS. WEEK ..... WOVE VERVE rs,,,archive/1948/1948-06-19.jpg,1197114,ok
1948-06-26,1948,WEEK Ba YEAR HITS BOSeY NNV,,,archive/1948/1948-06-26.jpg,949636,ok
1948-07-03,1948,2| WEEK 4 YEAR O— AGO,,,archive/1948/1948-07-03.jpg,1330606,ok
1948-07-10,1948,2) WEEK YEAR,,,archive/1948/1948-07-10.jpg,1240715,ok
1948-07-17,1948,W E EK USINESS VEEK,,,archive/1948/1948-07-17.jpg,1148288,ok
1948-07-24,1948,,,,archive/1948/1948-07-24.jpg,1214218,ok
1948-07-31,1948,,,,archive/1948/1948-07-31.jpg,1126811,ok
1948-08-07,1948,USINE KYOTHOIN JO ALTSEFATNA @® ENGINEERED IN PLASTICS BY GENERAL ELECTRIC,,,archive/1948/1948-08-07.jpg,1308042,ok
1948-08-14,1948,,,,archive/1948/1948-08-14.jpg,1098103,ok
1948-08-21,1948,,,,archive/1948/1948-08-21.jpg,1140564,ok
1948-08-28,1948,J-HL9 . HOTH YOsUY NV AuWEUATT ‘TYESN=°S,,,archive/1948/1948-08-28.jpg,1097117,ok
1948-09-04,1948,SINESS,,,archive/1948/1948-09-04.jpg,1164529,ok
1948-09-11,1948,"BUSI SAFETY PAPER FOR CHECKS GEORGE LAMONTE & SON, NUTLEY, NEW JERSEY",,,archive/1948/1948-09-11.jpg,1088639,ok
1948-09-18,1948,,,,archive/1948/1948-09-18.jpg,1067451,ok
1948-09-25,1948,,,,archive/1948/1948-09-25.jpg,1014160,ok
1948-10-02,1948,ANAL LU A 4 WEEK GENERAL&G ELECTRIC,,,archive/1948/1948-10-02.jpg,1316968,ok
1948-10-09,1948,SUSIN Ss WEEK ..... = 5409 HIS,,,archive/1948/1948-10-09.jpg,1140081,ok
1948-10-16,1948,,,,archive/1948/1948-10-16.jpg,1046700,ok
1948-10-23,1948,"BUSINESS. OCT. 23, 1948 USINESS ,",,,archive/1948/1948-10-23.jpg,1233377,ok
1948-10-30,1948,,,,archive/1948/1948-10-30.jpg,762009,ok
1948-11-06,1948,+ 6£0 HOIN HOEUY NNVY ‘00 AUVESIT WHINAS (2 NVOTHSIRN 20 ALISYSAINA,,,archive/1948/1948-11-06.jpg,990314,ok
1948-11-13,1948,BUSINESS. USINESS VEEK HOIN WOCHY NITY,,,archive/1948/1948-11-13.jpg,1136713,ok
1948-11-20,1948,,,,archive/1948/1948-11-20.jpg,1079965,ok
1948-11-27,1948,"NOV. 27, 1948 SLC HOIN YOEuY KNV ‘ RBVEET'I ‘WESNSD",,,archive/1948/1948-11-27.jpg,1012849,ok
1948-12-04,1948,COMMUNISM PROMISES COMMUNISM DELIVERS CAPITALISM DELIVERS + SSSR PRM VIER,,,archive/1948/1948-12-04.jpg,963908,ok
1948-12-11,1948,BOWER BEARINGS ARE A SIGNIFICANT STEP FORWARD IN BEARING DESIGN BOVE R 4,,,archive/1948/1948-12-11.jpg,1095597,ok
1948-12-18,1948,"SINESS DEX , HOIR WOSUY NKY HOIM 40 AINN",,,archive/1948/1948-12-18.jpg,1141296,ok
1948-12-25,1948,,,,archive/1948/1948-12-25.jpg,1130484,ok
1949-01-01,1949,,,,archive/1949/1949-01-01.jpg,820454,ok
1949-01-08,1949,,,,archive/1949/1949-01-08.jpg,744119,ok
1949-01-15,1949,,,,archive/1949/1949-01-15.jpg,816361,ok
1949-01-22,1949,,,,archive/1949/1949-01-22.jpg,878177,ok
1949-01-29,1949,,,,archive/1949/1949-01-29.jpg,637015,ok
1949-02-05,1949,,,,archive/1949/1949-02-05.jpg,632927,ok
1949-02-12,1949,"URSIN TSS BUSINESS ,",,,archive/1949/1949-02-12.jpg,716617,ok
1949-02-19,1949,,,,archive/1949/1949-02-19.jpg,618219,ok
1949-02-26,1949,,,,archive/1949/1949-02-26.jpg,703384,ok
1949-03-05,1949,,,,archive/1949/1949-03-05.jpg,727249,ok
1949-03-12,1949,,,,archive/1949/1949-03-12.jpg,645914,ok
1949-03-19,1949,,,,archive/1949/1949-03-19.jpg,794767,ok
1949-03-26,1949,USINESS WEEK . 210 WEEK,,,archive/1949/1949-03-26.jpg,634283,ok
1949-04-02,1949,,,,archive/1949/1949-04-02.jpg,660434,ok
1949-04-09,1949,BUSINESS. WEEK ...... )200; WEEK ;,,,archive/1949/1949-04-09.jpg,689992,ok
1949-04-16,1949,,,,archive/1949/1949-04-16.jpg,846001,ok
1949-04-23,1949,,,,archive/1949/1949-04-23.jpg,733252,ok
1949-04-30,1949,WOSIN Ta WEEK...,,,archive/1949/1949-04-30.jpg,743272,ok
1949-05-07,1949,,,,archive/1949/1949-05-07.jpg,779277,ok
1949-05-14,1949,,,,archive/1949/1949-05-14.jpg,762964,ok
1949-05-21,1949,BUSINESS» (EAR 180—~ WEEK,,,archive/1949/1949-05-21.jpg,597771,ok
1949-05-28,1949,,,,archive/1949/1949-05-28.jpg,751317,ok
1949-06-04,1949,,,,archive/1949/1949-06-04.jpg,678743,ok
1949-06-11,1949,,,,archive/1949/1949-06-11.jpg,761501,ok
1949-06-18,1949,USINESS WEEK ...... YEAR,,,archive/1949/1949-06-18.jpg,653790,ok
1949-06-25,1949,,,,archive/1949/1949-06-25.jpg,1017499,ok
1949-07-02,1949,WEEK ...... 1200 AGO 3USINESS,,,archive/1949/1949-07-02.jpg,660005,ok
1949-07-09,1949,,,,archive/1949/1949-07-09.jpg,596672,ok
1949-07-16,1949,WEEK ..... 3USINESS WEEK WHAT INDUSTRY IS DOING ABOUT,,,archive/1949/1949-07-16.jpg,679894,ok
1949-07-23,1949,1S0= WEEK WEEK...,,,archive/1949/1949-07-23.jpg,580049,ok
1949-07-30,1949,,,,archive/1949/1949-07-30.jpg,643772,ok
1949-08-06,1949,,,,archive/1949/1949-08-06.jpg,654660,ok
1949-08-13,1949,URS ENDS,,,archive/1949/1949-08-13.jpg,464630,ok
1949-08-20,1949,"BUSINESS AUG. 20, 1949 BUSINESS",,,archive/1949/1949-08-20.jpg,861204,ok
1949-08-27,1949,,,,archive/1949/1949-08-27.jpg,582107,ok
1949-09-03,1949,,,,archive/1949/1949-09-03.jpg,714019,ok
1949-09-10,1949,BUSINE 200 AGO 7 WEEK,,,archive/1949/1949-09-10.jpg,536244,ok
1949-09-17,1949,Kroll and A.F.L.'s Keenan,C.1.0.,Kroll and A.F.L.'s Keenan,archive/1949/1949-09-17.jpg,727962,ok
1949-09-24,1949,,,,archive/1949/1949-09-24.jpg,584957,ok
1949-10-01,1949,,,,archive/1949/1949-10-01.jpg,774848,ok
1949-10-08,1949,,,,archive/1949/1949-10-08.jpg,809183,ok
1949-10-15,1949,,,,archive/1949/1949-10-15.jpg,822666,ok
1949-10-22,1949,10 YEAR NUSINESS NDEX,,,archive/1949/1949-10-22.jpg,662596,ok
1949-10-29,1949,210 YEAR E10) PAC),,,archive/1949/1949-10-29.jpg,734442,ok
1949-11-05,1949,,,,archive/1949/1949-11-05.jpg,785367,ok
1949-11-12,1949,,,,archive/1949/1949-11-12.jpg,763374,ok
1949-11-19,1949,,,,archive/1949/1949-11-19.jpg,719631,ok
1949-11-26,1949,,,,archive/1949/1949-11-26.jpg,901697,ok
1949-12-03,1949,USINESS VEEK NDEX,,,archive/1949/1949-12-03.jpg,797863,ok
1949-12-10,1949,,,,archive/1949/1949-12-10.jpg,679436,ok
1949-12-17,1949,,,,archive/1949/1949-12-17.jpg,765040,ok
1949-12-24,1949,,,,archive/1949/1949-12-24.jpg,773415,ok
1949-12-31,1949,,,,archive/1949/1949-12-31.jpg,775634,ok
1950-01-07,1950,USINESS F BOWER BEARINGS ARE A HERITAGE OF PRECISION... FOR YOUR PRODUCT,,,archive/1950/1950-01-07.jpg,798681,ok
1950-01-14,1950,BUSINES: WEEKS Mh YEAR,,,archive/1950/1950-01-14.jpg,812955,ok
1950-01-21,1950,"JAN. 21, 1950 PLASTICS COMPOUNDS ° GENERAL £2",,,archive/1950/1950-01-21.jpg,902563,ok
1950-01-28,1950,,,,archive/1950/1950-01-28.jpg,866452,ok
1950-02-04,1950,«.+ FOR PRACTICAL ADVANTAGES YOU SHOULD KNOW ABOUT ROLLER BEARINGS SPHER O*HONED,,,archive/1950/1950-02-04.jpg,657297,ok
1950-02-11,1950,"“FEB. 11, 1950 L CASH REGISTER COMP THE NATIONA",,,archive/1950/1950-02-11.jpg,758583,ok
1950-02-18,1950,,,,archive/1950/1950-02-18.jpg,673118,ok
1950-02-25,1950,SCEOTR NEW 1950 STUDEBAKER,,,archive/1950/1950-02-25.jpg,846229,ok
1950-03-04,1950,,,,archive/1950/1950-03-04.jpg,786043,ok
1950-03-11,1950,ANOTHER RECORD YEAR? PAGE 19 IONAL CASH,,,archive/1950/1950-03-11.jpg,821144,ok
1950-03-18,1950,,,,archive/1950/1950-03-18.jpg,782485,ok
1950-03-25,1950,,,,archive/1950/1950-03-25.jpg,826845,ok
1950-04-01,1950,"BUSINESS. YEAR { APR. 1, 1950",,,archive/1950/1950-04-01.jpg,841273,ok
1950-04-08,1950,YEAR,,,archive/1950/1950-04-08.jpg,721321,ok
1950-04-15,1950,,,,archive/1950/1950-04-15.jpg,780914,ok
1950-04-22,1950,,,,archive/1950/1950-04-22.jpg,773745,ok
1950-04-29,1950,"HIGH BUT SPOTTY PAGE 19 APR. 29, 1950",,,archive/1950/1950-04-29.jpg,850010,ok
1950-05-06,1950,,,,archive/1950/1950-05-06.jpg,679543,ok
1950-05-13,1950,,,,archive/1950/1950-05-13.jpg,874695,ok
1950-05-20,1950,,,,archive/1950/1950-05-20.jpg,746210,ok
1950-05-27,1950,,,,archive/1950/1950-05-27.jpg,741149,ok
1950-06-03,1950,,,,archive/1950/1950-06-03.jpg,693874,ok
1950-06-10,1950,,,,archive/1950/1950-06-10.jpg,807994,ok
1950-06-17,1950,,,,archive/1950/1950-06-17.jpg,762320,ok
1950-06-24,1950,,,,archive/1950/1950-06-24.jpg,803514,ok
1950-07-01,1950,,,,archive/1950/1950-07-01.jpg,794535,ok
1950-07-08,1950,ATOMIC ENERGY 1950 SPECIAL REPORT PAGE 58 GENERAL 7 ELECTRIC BELL,,,archive/1950/1950-07-08.jpg,739930,ok
1950-07-15,1950,"STUDEBAKER TRUCKS SPS, FIRST IN RUBBER",,,archive/1950/1950-07-15.jpg,774696,ok
1950-07-22,1950,‘BUSINESS A CHALLEN TO EXISTING ENGINEERING STANDARDS!,,,archive/1950/1950-07-22.jpg,763545,ok
1950-07-29,1950,,,,archive/1950/1950-07-29.jpg,686616,ok
1950-08-05,1950,,,,archive/1950/1950-08-05.jpg,643538,ok
1950-08-12,1950,WORLD WAR II PEAK PEARL HARBOR NEXT YEAR,,,archive/1950/1950-08-12.jpg,692782,ok
1950-08-19,1950,,,,archive/1950/1950-08-19.jpg,702102,ok
1950-08-26,1950,,,,archive/1950/1950-08-26.jpg,751470,ok
1950-09-02,1950,,,,archive/1950/1950-09-02.jpg,710503,ok
1950-09-09,1950,,,,archive/1950/1950-09-09.jpg,703314,ok
1950-09-16,1950,REE ADELE Ht,Georgia Power,McManus,archive/1950/1950-09-16.jpg,661511,ok
1950-09-23,1950,,,,archive/1950/1950-09-23.jpg,685880,ok
1950-09-30,1950,,,,archive/1950/1950-09-30.jpg,702500,ok
1950-10-07,1950,,,,archive/1950/1950-10-07.jpg,672237,ok
1950-10-14,1950,WILL THE DRAFT DESTROY PERFORMANCE PROVES IT... THEY’RE MORE DEPENDABLE BOWER,,,archive/1950/1950-10-14.jpg,754348,ok
1950-10-21,1950,"BUSINESS. OCT 21 1950 DAYTON 9, OHIO",,,archive/1950/1950-10-21.jpg,593685,ok
1950-10-28,1950,,,,archive/1950/1950-10-28.jpg,795957,ok
1950-11-04,1950,,,,archive/1950/1950-11-04.jpg,760780,ok
1950-11-11,1950,ARLES LLEE PHI E I NEM EN,,,archive/1950/1950-11-11.jpg,707132,ok
1950-11-18,1950,,,,archive/1950/1950-11-18.jpg,709253,ok
1950-11-25,1950,Kindelberger,North American,Kindelberger,archive/1950/1950-11-25.jpg,712058,ok
1950-12-02,1950,"DEC. 2, 1950 THE NEW 1951 STUDEBAKER STUDEBAKER...THE THRIFTY ONE FOR ‘51",,,archive/1950/1950-12-02.jpg,760409,ok
1950-12-09,1950,,,,archive/1950/1950-12-09.jpg,714084,ok
1950-12-16,1950,"mA CHANT « AMERICA’S FIRST GAKLAND &, CALIFORNIA",,,archive/1950/1950-12-16.jpg,693415,ok
1950-12-23,1950,P ¥. re RESEARCH HELPS LASTICS PRODUCTS,,,archive/1950/1950-12-23.jpg,987675,ok
1950-12-30,1950,TEXAS ILLINOIS PIPELINE DEC. 30 1950,,,archive/1950/1950-12-30.jpg,882443,ok
1951-01-06,1951,,,,archive/1951/1951-01-06.jpg,979608,ok
1951-01-13,1951,,,,archive/1951/1951-01-13.jpg,892356,ok
1951-01-20,1951,USINESS IN UNIFORM? IN OVERALLS?,,,archive/1951/1951-01-20.jpg,832004,ok
1951-01-27,1951,WHERE IT STARPS ao “7 YEAR 1951 STUDEBAKER,,,archive/1951/1951-01-27.jpg,888403,ok
1951-02-03,1951,IN MOBILIZATION A YEAR THE BETTER THE,,,archive/1951/1951-02-03.jpg,906550,ok
1951-02-10,1951,,,,archive/1951/1951-02-10.jpg,773035,ok
1951-02-17,1951,": HOW TO RUN A 1 te SPECIAL REPORT, PAGE 113 YEAR",,,archive/1951/1951-02-17.jpg,866949,ok
1951-02-24,1951,120-MILLION TOME YEARS AHEAD= THROUGH EXPERIENCE AND RESEARCH TIMKEN,,,archive/1951/1951-02-24.jpg,1000942,ok
1951-03-03,1951,,,,archive/1951/1951-03-03.jpg,832477,ok
1951-03-10,1951,,,,archive/1951/1951-03-10.jpg,882617,ok
1951-03-17,1951,WHAT IS THE OF THE U.S. TODAY? YEAR,,,archive/1951/1951-03-17.jpg,904857,ok
1951-03-24,1951,: CAN YOU PROTECT YOUR PLANT AGAINST PAGE 59,,,archive/1951/1951-03-24.jpg,926139,ok
1951-03-31,1951,"INDUSTRY 1S GOING ON EXPANSION SPECIAL REPORT, PAGE 67",,,archive/1951/1951-03-31.jpg,946787,ok
1951-04-07,1951,,,,archive/1951/1951-04-07.jpg,674703,ok
1951-04-14,1951,YEAR STARTING THE OF PAY BOOSTS,,,archive/1951/1951-04-14.jpg,767634,ok
1951-04-21,1951,RAIN Sa BUSINESS YEAR,,,archive/1951/1951-04-21.jpg,764813,ok
1951-04-28,1951,,,,archive/1951/1951-04-28.jpg,798736,ok
1951-05-05,1951,' BUSINESS MOBILIZATION'S NEW PHASE PAGE 19,,,archive/1951/1951-05-05.jpg,678275,ok
1951-05-12,1951,"EM CORES, BUSINESS WEEK",,,archive/1951/1951-05-12.jpg,817672,ok
1951-05-19,1951,,,,archive/1951/1951-05-19.jpg,836575,ok
1951-05-26,1951,"S E S S HOW TO GET SPECIAL REPORT, PAGE 93 THE BETI£ER THE",,,archive/1951/1951-05-26.jpg,752676,ok
1951-06-02,1951,,,,archive/1951/1951-06-02.jpg,838465,ok
1951-06-09,1951,,,,archive/1951/1951-06-09.jpg,894971,ok
1951-06-16,1951,,,,archive/1951/1951-06-16.jpg,869127,ok
1951-06-23,1951,,,,archive/1951/1951-06-23.jpg,835653,ok
1951-06-30,1951,REMAKE THEIR Bea 3 YEAR BOHN ALUMINUM & BRASS CORPORATION,,,archive/1951/1951-06-30.jpg,977382,ok
1951-07-07,1951,,,,archive/1951/1951-07-07.jpg,896577,ok
1951-07-14,1951,,,,archive/1951/1951-07-14.jpg,970568,ok
1951-07-21,1951,,,,archive/1951/1951-07-21.jpg,808963,ok
1951-07-28,1951,,,,archive/1951/1951-07-28.jpg,750094,ok
1951-08-04,1951,,,,archive/1951/1951-08-04.jpg,776506,ok
1951-08-11,1951,,,,archive/1951/1951-08-11.jpg,753470,ok
1951-08-18,1951,,,,archive/1951/1951-08-18.jpg,824304,ok
1951-08-25,1951,"AUG. 25, 1951 CIENTS BOHN ALUMINUM & BRASS CORPORATION",,,archive/1951/1951-08-25.jpg,903197,ok
1951-09-01,1951,,,,archive/1951/1951-09-01.jpg,844699,ok
1951-09-08,1951,BUSINES YEAR A MUSEUM LOOKS AT,,,archive/1951/1951-09-08.jpg,790322,ok
1951-09-15,1951,YEAR,,,archive/1951/1951-09-15.jpg,854548,ok
1951-09-22,1951,: WHAT'S AHEAD FOR THE 240 YEAR PORT WITHOUT,,,archive/1951/1951-09-22.jpg,779764,ok
1951-09-29,1951,,,,archive/1951/1951-09-29.jpg,863339,ok
1951-10-06,1951,MORE FERROALLOYS TO BOLSTER PUSH-BUTTON MULTIPLICATION,,,archive/1951/1951-10-06.jpg,749248,ok
1951-10-13,1951,"B U S N ESS STARTING A BUSINESS OCT. 13, 1951 THE BETTER THE",,,archive/1951/1951-10-13.jpg,685089,ok
1951-10-20,1951,"YEAR OCT. 20, 1951 CHEMICALS",,,archive/1951/1951-10-20.jpg,743468,ok
1951-10-27,1951,BUSINESS © WEEK YEAR,,,archive/1951/1951-10-27.jpg,739394,ok
1951-11-03,1951,,,,archive/1951/1951-11-03.jpg,887215,ok
1951-11-10,1951,"PAGE 128 NOV. 10, 1951 THE BETTER THRE",,,archive/1951/1951-11-10.jpg,869689,ok
1951-11-17,1951,“BUSINES HOW IT WORKS FOR INDUSTRY WEEK =,,,archive/1951/1951-11-17.jpg,864132,ok
1951-11-24,1951,Butler,Britain,Butler,archive/1951/1951-11-24.jpg,756263,ok
1951-12-01,1951,USINESS WHAT DOES IT AMOUNT TO? YEAR,,,archive/1951/1951-12-01.jpg,793622,ok
1951-12-08,1951,"PAGE 88 YEAR DEC. 8, 1951",,,archive/1951/1951-12-08.jpg,769113,ok
1951-12-15,1951,HOW THEY CHANGE ‘YOUR BUSINESS ‘ PAGE 19,,,archive/1951/1951-12-15.jpg,779318,ok
1951-12-22,1951,,,,archive/1951/1951-12-22.jpg,882867,ok
1951-12-29,1951,YEAR AND CARBON CORPORATION SYNTHETIC ORGANIC CHEMICALS,Continental Oil,McCollum,archive/1951/1951-12-29.jpg,777810,ok
1952-01-05,1952,BUSINE,,,archive/1952/1952-01-05.jpg,692141,ok
1952-01-12,1952,SIGN OF A PAGE 132 YEAR,,,archive/1952/1952-01-12.jpg,677380,ok
1952-01-19,1952,,,,archive/1952/1952-01-19.jpg,1063156,ok
1952-01-26,1952,WHAT IT TAKES TO BE A 1 : YEAR ! AGO,,,archive/1952/1952-01-26.jpg,701869,ok
1952-02-02,1952,BUSI ESS” 220 = YEAR,,,archive/1952/1952-02-02.jpg,700967,ok
1952-02-09,1952,,,,archive/1952/1952-02-09.jpg,625513,ok
1952-02-16,1952,"AWe-HILE PUB FEB. 16, 1952 SILICONE PREVIEWS",,,archive/1952/1952-02-16.jpg,700436,ok
1952-02-23,1952,,,,archive/1952/1952-02-23.jpg,716104,ok
1952-03-01,1952,,,,archive/1952/1952-03-01.jpg,713213,ok
1952-03-08,1952,,,,archive/1952/1952-03-08.jpg,722098,ok
1952-03-15,1952,,,,archive/1952/1952-03-15.jpg,674912,ok
1952-03-22,1952,"Joseph S. Sherer, Jr.",Reo,"Joseph S. Sherer, Jr.",archive/1952/1952-03-22.jpg,636067,ok
1952-03-29,1952,,,,archive/1952/1952-03-29.jpg,678646,ok
1952-04-05,1952,,,,archive/1952/1952-04-05.jpg,638866,ok
1952-04-12,1952,Vanderploeg,Kellogg,Vanderploeg,archive/1952/1952-04-12.jpg,718961,ok
1952-04-19,1952,,,,archive/1952/1952-04-19.jpg,622692,ok
1952-04-26,1952,,,,archive/1952/1952-04-26.jpg,573708,ok
1952-05-03,1952,,,,archive/1952/1952-05-03.jpg,664469,ok
1952-05-10,1952,' PAGE 114 YEAR FOR THE FIRST TIME,,,archive/1952/1952-05-10.jpg,704887,ok
1952-05-17,1952,,,,archive/1952/1952-05-17.jpg,688540,ok
1952-05-24,1952,WEEK 6 YEAR 4 AGO,,,archive/1952/1952-05-24.jpg,672667,ok
1952-05-31,1952,,,,archive/1952/1952-05-31.jpg,666976,ok
1952-06-07,1952,,,,archive/1952/1952-06-07.jpg,651502,ok
1952-06-14,1952,HOW MUCH? WHEN? PAGE 86 OTICAL CONVENTIONS,,,archive/1952/1952-06-14.jpg,748914,ok
1952-06-21,1952,YEAR W-HIEt PUBLICATION G BEARING PRECISION,,,archive/1952/1952-06-21.jpg,699141,ok
1952-06-28,1952,,,,archive/1952/1952-06-28.jpg,548210,ok
1952-07-05,1952,,,,archive/1952/1952-07-05.jpg,836367,ok
1952-07-12,1952,YEAR WHAT ARE THE PAGE 66,,,archive/1952/1952-07-12.jpg,738635,ok
1952-07-19,1952,,,,archive/1952/1952-07-19.jpg,735028,ok
1952-07-26,1952,,,,archive/1952/1952-07-26.jpg,731776,ok
1952-08-02,1952,WHAT IT'S LIKE TO NDEX YEAR,,,archive/1952/1952-08-02.jpg,715330,ok
1952-08-09,1952,,,,archive/1952/1952-08-09.jpg,682929,ok
1952-08-16,1952,,,,archive/1952/1952-08-16.jpg,689276,ok
1952-08-23,1952,USINESS YEAR,,,archive/1952/1952-08-23.jpg,660798,ok
1952-08-30,1952,,,,archive/1952/1952-08-30.jpg,646205,ok
1952-09-06,1952,"REVOLUTION IN PAGE 38 SEPT. 6, 1952",,,archive/1952/1952-09-06.jpg,717168,ok
1952-09-13,1952,,,,archive/1952/1952-09-13.jpg,702850,ok
1952-09-20,1952,P00 + GRAW-HILL PUBLICATION 1. AUTOMATIC CLEAR SIGNAL,,,archive/1952/1952-09-20.jpg,650902,ok
1952-09-27,1952,"WHAT GOOD IS A SEPT. 27, 1952 BELL TELEPHONE SYSTEM",,,archive/1952/1952-09-27.jpg,729037,ok
1952-10-04,1952,,,,archive/1952/1952-10-04.jpg,661114,ok
1952-10-11,1952,,,,archive/1952/1952-10-11.jpg,543965,ok
1952-10-18,1952,SUR) CAN IT BE DONE? PAGE 186,,,archive/1952/1952-10-18.jpg,665654,ok
1952-10-25,1952,PS FRET MANUFACTURING AND SUPPLY UNIT OF THE BELL SYSTEM BUSINES § W EE K,,,archive/1952/1952-10-25.jpg,750316,ok
1952-11-01,1952,USINESS YEAR TENNESSEE,Houghton,Aaron E. Carpenter,archive/1952/1952-11-01.jpg,677567,ok
1952-11-08,1952,,,,archive/1952/1952-11-08.jpg,702129,ok
1952-11-15,1952,: HOW TO GET READY PAGE 178 YEAR,,,archive/1952/1952-11-15.jpg,679771,ok
1952-11-22,1952,"HOW’ THEIR SPENDING IDEAS HAVE CHANGED , PAGE 110",Suburban Propane,Mark Anton,archive/1952/1952-11-22.jpg,729418,ok
1952-11-29,1952,,,,archive/1952/1952-11-29.jpg,725280,ok
1952-12-06,1952,BUSINES BUILDING BOOM PAGE 86,,,archive/1952/1952-12-06.jpg,745157,ok
1952-12-13,1952,DO YOU NEED TO NDEX Hi(L BUE,,,archive/1952/1952-12-13.jpg,656957,ok
1952-12-20,1952,,,,archive/1952/1952-12-20.jpg,607065,ok
1952-12-27,1952,"A McGREWeHILL PUBLICATION DEC. 27, 1952 YEAR OF THE KING-SIZE",,,archive/1952/1952-12-27.jpg,750028,ok
1953-01-03,1953,"16 WALL STREET, NEW YORK 15, N. Y. MEMBER FEDERAL DEPOSIT INSURANCE CORPORATION BOWER ROLLER BEARING CO. © DETROIT 14, MICHIGAN",,,archive/1953/1953-01-03.jpg,891530,ok
1953-01-10,1953,HOW THEY LINE UP COMPETITIVELY,E-Z-Paintr,Touchett,archive/1953/1953-01-10.jpg,947344,ok
1953-01-17,1953,Harry Ferguson,Ferguson Tractor,Harry Ferguson,archive/1953/1953-01-17.jpg,970017,ok
1953-01-24,1953,Meyer Kestnbaum,CED,Meyer Kestnbaum,archive/1953/1953-01-24.jpg,921954,ok
1953-01-31,1953,",RAWWHILL PP Ce ATION JAN. 31, 1953 WHAT TOP OFFICERS",,,archive/1953/1953-01-31.jpg,979019,ok
1953-02-07,1953,"YEAR FEB. 7, 1953 PAGE 25",,,archive/1953/1953-02-07.jpg,987742,ok
1953-02-14,1953,,,,archive/1953/1953-02-14.jpg,1005937,ok
1953-02-21,1953,‘BUSINESS RUBBER FOR INDUSTRY “NASE,,,archive/1953/1953-02-21.jpg,983194,ok
1953-02-28,1953,Humphrey,Treasury,Humphrey,archive/1953/1953-02-28.jpg,945226,ok
1953-03-07,1953,BUSINE ANY GOOD? PAGE 112,,,archive/1953/1953-03-07.jpg,922654,ok
1953-03-14,1953,BUSINES a) & DIVISION YOU'LL FIND THIS IS A GOOD,,,archive/1953/1953-03-14.jpg,925856,ok
1953-03-21,1953,,,,archive/1953/1953-03-21.jpg,988888,ok
1953-03-28,1953,"YEAR EMPLOYEE PENSION PLAN BOWER ROLLER BEARING CO. @ DETROIT 14, MICHIGAN",,,archive/1953/1953-03-28.jpg,948495,ok
1953-04-04,1953,,,,archive/1953/1953-04-04.jpg,970139,ok
1953-04-11,1953,"WHAT IT'S ABOUT PAGE 96 APR..11, 1953",Macy,Bingham,archive/1953/1953-04-11.jpg,989151,ok
1953-04-18,1953,,,,archive/1953/1953-04-18.jpg,981622,ok
1953-04-25,1953,"WHAT THEY'RE LIKE PAGE 56 16 WALL STREET, NEW YORK 15, N. Y.",,,archive/1953/1953-04-25.jpg,1057904,ok
1953-05-02,1953,BUSINE IN THE NEW ADMINISTRATION,,,archive/1953/1953-05-02.jpg,946302,ok
1953-05-09,1953,YEAR CAN WE PREDICT PAGE 82,,,archive/1953/1953-05-09.jpg,958126,ok
1953-05-16,1953,YEAR PAGE 140 Xx | TENNESSEE,,,archive/1953/1953-05-16.jpg,897357,ok
1953-05-23,1953,THIS YEAR'S LINEUP ANOTHER BOTTLENECK REMOVED / BOWER,,,archive/1953/1953-05-23.jpg,909205,ok
1953-05-30,1953,"HOW MUCH ZENITH RADIO CORPORATION, CHICAGO",,,archive/1953/1953-05-30.jpg,931056,ok
1953-06-06,1953,,,,archive/1953/1953-06-06.jpg,695321,ok
1953-06-13,1953,,,,archive/1953/1953-06-13.jpg,985409,ok
1953-06-20,1953,S. S. Pierce,Boston,S. S. Pierce,archive/1953/1953-06-20.jpg,994146,ok
1953-06-27,1953,USINESS WILL IT GET ANY BETTER? PAGE 98,,,archive/1953/1953-06-27.jpg,1047929,ok
1953-07-04,1953,THE AMERICAN MARKET SPECIAL REPORT PAGE 74 200 — YEAR,,,archive/1953/1953-07-04.jpg,986910,ok
1953-07-11,1953,PAGE 106 THERES A TOUCH OF TENNESSEE IN MODERN CASTINGS TENNESSEE,,,archive/1953/1953-07-11.jpg,894040,ok
1953-07-18,1953,YEAR BUSINESS WEEK,,,archive/1953/1953-07-18.jpg,1009311,ok
1953-07-25,1953,WHAT ARE THEY UP TO? PAGE 25,,,archive/1953/1953-07-25.jpg,963205,ok
1953-08-01,1953,WEEK = 200 = YEAR NEW YORK « DENVER «,,,archive/1953/1953-08-01.jpg,997185,ok
1953-08-08,1953,THEN WHAT? PAGE 96 YEAR,,,archive/1953/1953-08-08.jpg,1042977,ok
1953-08-15,1953,,,,archive/1953/1953-08-15.jpg,895211,ok
1953-08-22,1953,USINESS 225 = TTS YEAR,,,archive/1953/1953-08-22.jpg,799792,ok
1953-08-29,1953,NEW YORK @ SAN FRANCISCO DEPARTMENTS,,,archive/1953/1953-08-29.jpg,857057,ok
1953-09-05,1953,YEAR THERES A TOUCH OF vv IN FOUNDRIES TENNESSEE,,,archive/1953/1953-09-05.jpg,1086434,ok
1953-09-12,1953,"; PAGE 160 225 = YEAR SEPT. 12, 1953",,,archive/1953/1953-09-12.jpg,956061,ok
1953-09-19,1953,,,,archive/1953/1953-09-19.jpg,965516,ok
1953-09-26,1953,,,,archive/1953/1953-09-26.jpg,0,dead_404
1953-10-03,1953,APPLIANCE MAKERS NEVER THOUGHT OF PAGE 103,,,archive/1953/1953-10-03.jpg,1076008,ok
1953-10-10,1953,LTTE HOW THE STUDY COMMISSIONS WORK,,,archive/1953/1953-10-10.jpg,967730,ok
1953-10-17,1953,WHY THERE'S A BOOM IN YEAR 225 = AGO,,,archive/1953/1953-10-17.jpg,1015207,ok
1953-10-24,1953,! THE NEW KIND OF PAGE 110 YEAR,,,archive/1953/1953-10-24.jpg,950673,ok
1953-10-31,1953,,,,archive/1953/1953-10-31.jpg,1022866,ok
1953-11-07,1953,,,,archive/1953/1953-11-07.jpg,930773,ok
1953-11-14,1953,YEAR CAN ANYTHING BE DONE ABOUT IT?,,,archive/1953/1953-11-14.jpg,921091,ok
1953-11-21,1953,/BUSINESS,,,archive/1953/1953-11-21.jpg,660022,ok
1953-11-28,1953,' BUSINESS OIL?...PAGE 106 CHEMICALS? ... PAGE 162,Worthington,Hobart C. Ramsey,archive/1953/1953-11-28.jpg,976757,ok
1953-12-05,1953,USINESS,,,archive/1953/1953-12-05.jpg,975242,ok
1953-12-12,1953,/BUSINESS,,,archive/1953/1953-12-12.jpg,768669,ok
1953-12-19,1953,,,,archive/1953/1953-12-19.jpg,961726,ok
1953-12-26,1953,W75= YEAR BUSINESS,,,archive/1953/1953-12-26.jpg,930575,ok
1954-01-02,1954,YEAR WEEK GRAWsHILL PUBLICATION,,,archive/1954/1954-01-02.jpg,959156,ok
1954-01-09,1954,"JAN. 9, 1954 PAGE 27 FIRST IN RUBBER",,,archive/1954/1954-01-09.jpg,1010909,ok
1954-01-16,1954,,,,archive/1954/1954-01-16.jpg,1031631,ok
1954-01-23,1954,THERE'S A WAY FOR EVERYBODY PAGE 108,,,archive/1954/1954-01-23.jpg,1003016,ok
1954-01-30,1954,,,,archive/1954/1954-01-30.jpg,987108,ok
1954-02-06,1954,"YEAR . “ LS t W ET FEB. 6, 1954 > 1 CRTIZO“OIN ALISESATNN",,,archive/1954/1954-02-06.jpg,984743,ok
1954-02-13,1954,USINESS HOW GM DOES IT PAGE 68,,,archive/1954/1954-02-13.jpg,960451,ok
1954-02-20,1954,"MANAGEMENT'S PROBLEM IN FEB. 20, 1954 BUSINESS FORM",,,archive/1954/1954-02-20.jpg,980807,ok
1954-02-27,1954,"FEB. 27, 1954 OBOWER ADVANCED SPHER-0-HONED DESIGN CUTS UPKEEP COSTS",,,archive/1954/1954-02-27.jpg,931699,ok
1954-03-06,1954,"WILL THERE EVER MAR. 6, 1954 a VASA OLLI",,,archive/1954/1954-03-06.jpg,907184,ok
1954-03-13,1954,,,,archive/1954/1954-03-13.jpg,982964,ok
1954-03-27,1954,TO GET OUT FROM BEHIND THE EIGHT-BALL W- HILL PUBLIC ATION,,,archive/1954/1954-03-27.jpg,989606,ok
1954-04-03,1954,,,,archive/1954/1954-04-03.jpg,948849,ok
1954-04-10,1954,WHAT IT REALLY MEANS PAGE 25 THE SURPRISING FACTS ABOUT,,,archive/1954/1954-04-10.jpg,857810,ok
1954-04-17,1954,BUSINES,,,archive/1954/1954-04-17.jpg,1002388,ok
1954-04-24,1954,"125 YEAR WeHILL PUBEIC ATION APR. 24, 1954",,,archive/1954/1954-04-24.jpg,991382,ok
1954-05-01,1954,"LEWYT LEWYT CORPORATION, INDUSTRIAL PRODUCTS",,,archive/1954/1954-05-01.jpg,1098732,ok
1954-05-08,1954,,,,archive/1954/1954-05-08.jpg,1072527,ok
1954-05-15,1954,IT'S DIFFERENT NOW. LOOK AT YALE NG] A:,,,archive/1954/1954-05-15.jpg,1064129,ok
1954-05-22,1954,,,,archive/1954/1954-05-22.jpg,996265,ok
1954-05-29,1954,,,,archive/1954/1954-05-29.jpg,1006817,ok
1954-06-05,1954,USINESS,,,archive/1954/1954-06-05.jpg,995667,ok
1954-06-12,1954,,,,archive/1954/1954-06-12.jpg,1026023,ok
1954-06-19,1954,WHY THEY GROW SO FAST SPECIAL REPORT PAGE 166 YEAR,,,archive/1954/1954-06-19.jpg,835588,ok
1954-06-26,1954,BUSINES,,,archive/1954/1954-06-26.jpg,806334,ok
1954-07-03,1954,: WHICH IS SMARTER CHEMICAL DIVISION,,,archive/1954/1954-07-03.jpg,1070775,ok
1954-07-10,1954,IS GETTING EASIER PAGE 41 NEW YORK + DENVER +,,,archive/1954/1954-07-10.jpg,1138085,ok
1954-07-17,1954,WEE = PAGE 43 YEAR,,,archive/1954/1954-07-17.jpg,1044723,ok
1954-07-24,1954,,,,archive/1954/1954-07-24.jpg,892206,ok
1954-07-31,1954,,,,archive/1954/1954-07-31.jpg,885970,ok
1954-08-07,1954,,,,archive/1954/1954-08-07.jpg,988354,ok
1954-08-14,1954,"FS = CRAWeHILE AUG. 14, 1954",,,archive/1954/1954-08-14.jpg,1088949,ok
1954-08-21,1954,"AUG. 21,1954. HORMEL HAM GEO. A. HORMEL & CO",,,archive/1954/1954-08-21.jpg,1066867,ok
1954-08-28,1954,,,,archive/1954/1954-08-28.jpg,1101380,ok
1954-09-04,1954,DEPRESSION iY UF GEORGIA SPECIAL REPORT PAGE 75,,,archive/1954/1954-09-04.jpg,836600,ok
1954-09-11,1954,"SEPT. 11, 1954 EF ROLLER BEARING RIGIDITY",,,archive/1954/1954-09-11.jpg,1030774,ok
1954-09-18,1954,USD iESS,,,archive/1954/1954-09-18.jpg,877248,ok
1954-09-25,1954,« UNIVERSITY OF GEORGIA oe LIBRARIES »RAWeHILL PUBLI ATION,,,archive/1954/1954-09-25.jpg,1050554,ok
1954-10-02,1954,SINESS RAL LIBRARY = Tree ERSITY OF GEORGIA,,,archive/1954/1954-10-02.jpg,966273,ok
1954-10-09,1954,"YEAR OCT. 9, 1954 BOWER",,,archive/1954/1954-10-09.jpg,909383,ok
1954-10-16,1954,"OCT. 16, 1954 949 OFFICES IN 94 COUNTRIES FIRST IN RUBBER",,,archive/1954/1954-10-16.jpg,913431,ok
1954-10-23,1954,AUS SS W734 YEAR,,,archive/1954/1954-10-23.jpg,978671,ok
1954-10-30,1954,,,,archive/1954/1954-10-30.jpg,990002,ok
1954-11-06,1954,"NOV. 6, 1954 BOWER RO.LLE R BEARIN G S&S",,,archive/1954/1954-11-06.jpg,1082138,ok
1954-11-13,1954,"NOV. 13, 1954 949 OFFICES IN 94 COUNTRIES",,,archive/1954/1954-11-13.jpg,988586,ok
1954-11-20,1954,SUSINESS,,,archive/1954/1954-11-20.jpg,876505,ok
1954-11-27,1954,,,,archive/1954/1954-11-27.jpg,906739,ok
1954-12-04,1954,,,,archive/1954/1954-12-04.jpg,1027030,ok
1954-12-11,1954,"USINESS GENERAL LIBRARY DEC. 11, 1954",,,archive/1954/1954-12-11.jpg,928317,ok
1954-12-18,1954,"DEC. 18, 1954 WY } { I> ™ J",,,archive/1954/1954-12-18.jpg,985892,ok
1954-12-25,1954,YEAR,,,archive/1954/1954-12-25.jpg,1023659,ok
1955-01-01,1955,,,,archive/1955/1955-01-01.jpg,999397,ok
1955-01-08,1955,JAN. 8 1955 949 OFFICES IN 94 COUNTRIES THE ‘TION,,,archive/1955/1955-01-08.jpg,910084,ok
1955-01-15,1955,,,,archive/1955/1955-01-15.jpg,1022810,ok
1955-01-22,1955,,,,archive/1955/1955-01-22.jpg,989676,ok
1955-01-29,1955,,,,archive/1955/1955-01-29.jpg,937570,ok
1955-02-05,1955,"BUSINESS. AUVEST"" ALISSSAINA THVIF",,,archive/1955/1955-02-05.jpg,913224,ok
1955-02-12,1955,,,,archive/1955/1955-02-12.jpg,960361,ok
1955-02-19,1955,IBUSINESS,,,archive/1955/1955-02-19.jpg,919601,ok
1955-02-26,1955,RECEIVED MAR & 1955 fe | MIAME UNIMERSITY,,,archive/1955/1955-02-26.jpg,906673,ok
1955-03-05,1955,,,,archive/1955/1955-03-05.jpg,881905,ok
1955-03-12,1955,"MAR. 12, 1955 DIVISION CHEMICALS",,,archive/1955/1955-03-12.jpg,887795,ok
1955-03-19,1955,,,,archive/1955/1955-03-19.jpg,814485,ok
1955-03-26,1955,,,,archive/1955/1955-03-26.jpg,841333,ok
1955-04-02,1955,GAS TURBINES THE NEXT THING IN AUTOS?,,,archive/1955/1955-04-02.jpg,940416,ok
1955-04-09,1955,"APR. 9, 1955 BELL TELEPHONE SYSTEM VeEDER-ROOT",,,archive/1955/1955-04-09.jpg,682729,ok
1955-04-16,1955,"LIBR APR. 16, 1955. NEW YORK",,,archive/1955/1955-04-16.jpg,1080763,ok
1955-04-23,1955,k BUSINESS,,,archive/1955/1955-04-23.jpg,724478,ok
1955-04-30,1955,THE U.S. ECONOMY’S SPECIAL REPORT NDEX,,,archive/1955/1955-04-30.jpg,1059156,ok
1955-05-07,1955,BUSI > ESS ARE THEY DIFFERENT? PAGE 122,,,archive/1955/1955-05-07.jpg,900825,ok
1955-05-14,1955,,,,archive/1955/1955-05-14.jpg,846000,ok
1955-05-21,1955,Williams,NICB,Williams,archive/1955/1955-05-21.jpg,771349,ok
1955-05-28,1955,,,,archive/1955/1955-05-28.jpg,771609,ok
1955-06-04,1955,,,,archive/1955/1955-06-04.jpg,805500,ok
1955-06-11,1955,Porter M. Jarvis,Ca Swift,Porter M. Jarvis,archive/1955/1955-06-11.jpg,818532,ok
1955-06-18,1955,,,,archive/1955/1955-06-18.jpg,838371,ok
1955-06-25,1955,“WEEK YEAR HOIN BOUEY NERV,,,archive/1955/1955-06-25.jpg,787076,ok
1955-07-02,1955,OLITE + PLIO-T UF + PLIOVIC + WING-CHEMICALS BELL TELEPHONE SYSTEM,,,archive/1955/1955-07-02.jpg,850012,ok
1955-07-09,1955,,,,archive/1955/1955-07-09.jpg,794981,ok
1955-07-16,1955,YEAR SWIL40UDIN LLISUSATN: OBOWER,,,archive/1955/1955-07-16.jpg,690692,ok
1955-07-23,1955,GRAW- HILL PUBLICAT HOIM WOGEV NNV 18 LLISHZATIHN,,,archive/1955/1955-07-23.jpg,813282,ok
1955-07-30,1955,: INDE KR TLAR AUYU,,,archive/1955/1955-07-30.jpg,791888,ok
1955-08-06,1955,,,,archive/1955/1955-08-06.jpg,836162,ok
1955-08-13,1955,,,,archive/1955/1955-08-13.jpg,742248,ok
1955-08-20,1955,,,,archive/1955/1955-08-20.jpg,799064,ok
1955-08-27,1955,BUSINESS.,,,archive/1955/1955-08-27.jpg,881058,ok
1955-09-03,1955,BUSINESS ©,,,archive/1955/1955-09-03.jpg,780196,ok
1955-09-10,1955,,,,archive/1955/1955-09-10.jpg,809773,ok
1955-09-17,1955,,,,archive/1955/1955-09-17.jpg,800206,ok
1955-09-24,1955,,,,archive/1955/1955-09-24.jpg,774672,ok
1955-10-01,1955,,,,archive/1955/1955-10-01.jpg,736265,ok
1955-10-08,1955,,,,archive/1955/1955-10-08.jpg,791036,ok
1955-10-15,1955,,,,archive/1955/1955-10-15.jpg,780993,ok
1955-10-22,1955,NDEX YEAR OCT 22. 1955,,,archive/1955/1955-10-22.jpg,795171,ok
1955-10-29,1955,,,,archive/1955/1955-10-29.jpg,774972,ok
1955-11-05,1955,,,,archive/1955/1955-11-05.jpg,771214,ok
1955-11-12,1955,,,,archive/1955/1955-11-12.jpg,817599,ok
1955-11-19,1955,"‘BUSINESS NOV. 19, 1955 BELL TELEPHONE SYSTEM Q",,,archive/1955/1955-11-19.jpg,786473,ok
1955-11-26,1955,,,,archive/1955/1955-11-26.jpg,790771,ok
1955-12-03,1955,YEAR . AGI BUSINESS,,,archive/1955/1955-12-03.jpg,824137,ok
1955-12-10,1955,,,,archive/1955/1955-12-10.jpg,774776,ok
1955-12-17,1955,,,,archive/1955/1955-12-17.jpg,837834,ok
1955-12-24,1955,,,,archive/1955/1955-12-24.jpg,801284,ok
1955-12-31,1955,"BUSINESS . “WEEK DEC. 31, 1955",,,archive/1955/1955-12-31.jpg,743446,ok
1956-01-07,1956,,,,archive/1956/1956-01-07.jpg,668453,ok
1956-01-14,1956,,,,archive/1956/1956-01-14.jpg,689568,ok
1956-01-21,1956,"JAN. 21, 1956 NEW YORK , IM",,,archive/1956/1956-01-21.jpg,748511,ok
1956-01-28,1956,BUSINESS © YEAR JAN.,,,archive/1956/1956-01-28.jpg,806766,ok
1956-02-04,1956,,,,archive/1956/1956-02-04.jpg,742888,ok
1956-02-11,1956,,,,archive/1956/1956-02-11.jpg,695969,ok
1956-02-18,1956,,,,archive/1956/1956-02-18.jpg,739108,ok
1956-02-25,1956,,,,archive/1956/1956-02-25.jpg,680074,ok
1956-03-03,1956,USINESS YEAR 125- AGO,,,archive/1956/1956-03-03.jpg,775850,ok
1956-03-10,1956,,,,archive/1956/1956-03-10.jpg,671267,ok
1956-03-17,1956,,,,archive/1956/1956-03-17.jpg,758768,ok
1956-03-24,1956,BUSINESS GETS INVOLVED PAGE 30 YEAR,,,archive/1956/1956-03-24.jpg,765645,ok
1956-03-31,1956,,,,archive/1956/1956-03-31.jpg,698755,ok
1956-04-07,1956,‘BUSINESS,,,archive/1956/1956-04-07.jpg,803924,ok
1956-04-14,1956,,,,archive/1956/1956-04-14.jpg,851407,ok
1956-04-28,1956,,,,archive/1956/1956-04-28.jpg,799287,ok
1956-05-05,1956,‘BUSINESS,,,archive/1956/1956-05-05.jpg,629003,ok
1956-05-12,1956,YEAR,,,archive/1956/1956-05-12.jpg,778114,ok
1956-05-19,1956,(: HOTH BOSEY NNV LS LST NIC BOWER ROLLER BEARING DIVISION,,,archive/1956/1956-05-19.jpg,865576,ok
1956-05-26,1956,‘BUSINESS,,,archive/1956/1956-05-26.jpg,804837,ok
1956-06-02,1956,"YEAR ; "" - $ J PLASTICS",,,archive/1956/1956-06-02.jpg,933859,ok
1956-06-09,1956,,,,archive/1956/1956-06-09.jpg,668268,ok
1956-06-16,1956,,,,archive/1956/1956-06-16.jpg,771861,ok
1956-06-23,1956,,,,archive/1956/1956-06-23.jpg,783959,ok
1956-06-30,1956,,,,archive/1956/1956-06-30.jpg,823117,ok
1956-07-07,1956,,,,archive/1956/1956-07-07.jpg,704663,ok
1956-07-14,1956,BUSINESS ©,,,archive/1956/1956-07-14.jpg,817007,ok
1956-07-21,1956,4 | HOW JETS ARE MAKING OVER THE AIRLINES,,,archive/1956/1956-07-21.jpg,753172,ok
1956-07-28,1956,,,,archive/1956/1956-07-28.jpg,885887,ok
1956-08-04,1956,,,,archive/1956/1956-08-04.jpg,742772,ok
1956-08-11,1956,Roy T. Hurley,Curtiss-Wright,Roy T. Hurley,archive/1956/1956-08-11.jpg,772232,ok
1956-08-18,1956,,,,archive/1956/1956-08-18.jpg,801516,ok
1956-08-25,1956,,,,archive/1956/1956-08-25.jpg,809979,ok
1956-09-01,1956,,,,archive/1956/1956-09-01.jpg,882440,ok
1956-09-08,1956,,,,archive/1956/1956-09-08.jpg,766393,ok
1956-09-15,1956,,,,archive/1956/1956-09-15.jpg,707170,ok
1956-09-22,1956,YEAR 150 AGO IN BUSINESS,,,archive/1956/1956-09-22.jpg,782966,ok
1956-09-29,1956,,,,archive/1956/1956-09-29.jpg,716075,ok
1956-10-06,1956,"YEAR OCT. 6, 1956 HOM 4OSuY NNY",,,archive/1956/1956-10-06.jpg,750646,ok
1956-10-13,1956,,,,archive/1956/1956-10-13.jpg,580816,ok
1956-10-20,1956,,,,archive/1956/1956-10-20.jpg,606534,ok
1956-10-27,1956,,,,archive/1956/1956-10-27.jpg,769218,ok
1956-11-03,1956,892 HOIA BOSHY NNV SHTIAOUOIA LLIGUZAINN BOWER ROLLER BEARING DIVISION,,,archive/1956/1956-11-03.jpg,693206,ok
1956-11-10,1956,‘BUSINESS,,,archive/1956/1956-11-10.jpg,656472,ok
1956-11-17,1956,,,,archive/1956/1956-11-17.jpg,646356,ok
1956-11-24,1956,,,,archive/1956/1956-11-24.jpg,683267,ok
1956-12-01,1956,YEAR,,,archive/1956/1956-12-01.jpg,741897,ok
1956-12-08,1956,,,,archive/1956/1956-12-08.jpg,770646,ok
1956-12-15,1956,YEAR L400 = TIACHOIA ALISHAAING,,,archive/1956/1956-12-15.jpg,822377,ok
1956-12-22,1956,,,,archive/1956/1956-12-22.jpg,792464,ok
1956-12-29,1956,,,,archive/1956/1956-12-29.jpg,727025,ok
1957-01-05,1957,,,,archive/1957/1957-01-05.jpg,673112,ok
1957-01-12,1957,,,,archive/1957/1957-01-12.jpg,825022,ok
1957-01-19,1957,Macmillan,Britain,Macmillan,archive/1957/1957-01-19.jpg,701626,ok
1957-01-26,1957,BUSINESS.,,,archive/1957/1957-01-26.jpg,800895,ok
1957-02-02,1957,,,,archive/1957/1957-02-02.jpg,735269,ok
1957-02-09,1957,,,,archive/1957/1957-02-09.jpg,842356,ok
1957-02-16,1957,,,,archive/1957/1957-02-16.jpg,772987,ok
1957-02-23,1957,,,,archive/1957/1957-02-23.jpg,716011,ok
1957-03-02,1957,,,,archive/1957/1957-03-02.jpg,692766,ok
1957-03-09,1957,,,,archive/1957/1957-03-09.jpg,817418,ok
1957-03-16,1957,,,,archive/1957/1957-03-16.jpg,786391,ok
1957-03-23,1957,HOIA BOSUY NNV SKTIAOUOIR ZLISEIAINA BOWER ROLLER BEARING DIVISION,,,archive/1957/1957-03-23.jpg,830605,ok
1957-03-30,1957,,,,archive/1957/1957-03-30.jpg,826474,ok
1957-04-13,1957,,,,archive/1957/1957-04-13.jpg,779611,ok
1957-04-20,1957,,,,archive/1957/1957-04-20.jpg,867307,ok
1957-04-27,1957,SWTIZOUDIM ALISHSAINA 989 OFFICES IN 94 COUNTRIES THE TREND 204,,,archive/1957/1957-04-27.jpg,856652,ok
1957-05-04,1957,,,,archive/1957/1957-05-04.jpg,493511,ok
1957-05-11,1957,,,,archive/1957/1957-05-11.jpg,756898,ok
1957-05-18,1957,“= BUSINESS HOIA SOGHY NNV SATIAZOUDIA ALISUBAINN,,,archive/1957/1957-05-18.jpg,923403,ok
1957-05-25,1957,‘=< BUSINESS DECIDEDLY BETTER DAY-BRITE,,,archive/1957/1957-05-25.jpg,939252,ok
1957-06-01,1957,GENERAL BUSINESS wHy U.S. HOPES FOR ARMS BREAK. FIGURES OF THE WEEK 2 CHARTS OF THE WEEK 166,,,archive/1957/1957-06-01.jpg,845008,ok
1957-06-08,1957,‘= BUSINESS = WEEK HOTA YOSuY NNY,,,archive/1957/1957-06-08.jpg,982716,ok
1957-06-15,1957,} DKVICTV { . SO BOWER ROLLER BEARING DIVISION,,,archive/1957/1957-06-15.jpg,811264,ok
1957-06-22,1957,"PERSONAL BUSINESS 165 THE TREND 184 WHERE CONGRESS STANDS, WITH RECESS NEAR. .",,,archive/1957/1957-06-22.jpg,884130,ok
1957-06-29,1957,j=: BUSINESS 2 WEEK JIA BOSHY NNYV,,,archive/1957/1957-06-29.jpg,907253,ok
1957-07-06,1957,. 7S SHTIGOUDIA ALTSESATHO NEW YORK,,,archive/1957/1957-07-06.jpg,725759,ok
1957-07-13,1957,BUSINESS SPEGIAL/REPORT: ADVANCED SPHER-0O-HONED DESIGN,,,archive/1957/1957-07-13.jpg,890254,ok
1957-07-20,1957,» 7S ELTSUSATNG .. WORLD'S LARGEST PRODUCER,,,archive/1957/1957-07-20.jpg,730403,ok
1957-07-27,1957,» 5O HDIA BOSE NNV > Hot ONLY a SUTIKING,,,archive/1957/1957-07-27.jpg,643344,ok
1957-08-03,1957,,,,archive/1957/1957-08-03.jpg,719683,ok
1957-08-10,1957,,,,archive/1957/1957-08-10.jpg,804902,ok
1957-08-17,1957,,,,archive/1957/1957-08-17.jpg,976147,ok
1957-08-24,1957,» SO HOI BHOSuV NNV LS LUST BETS,,,archive/1957/1957-08-24.jpg,798647,ok
1957-08-31,1957,"» 50 = EK AUG. 31, 1957 (SPECIAL REPORT-Page 76)",,,archive/1957/1957-08-31.jpg,698332,ok
1957-09-07,1957,,,,archive/1957/1957-09-07.jpg,1000989,ok
1957-09-14,1957,989 OFFICES IN 94 COUNTRIES GENERAL BUSINESS BUSINESS OUTLOOK 19,,,archive/1957/1957-09-14.jpg,953836,ok
1957-09-21,1957,S .125 ) =< WEEK HOTA BOGuV NNV,,,archive/1957/1957-09-21.jpg,876460,ok
1957-09-28,1957,NEW YORK INTERNATIONAL OUTLOOK 147 FIGURES OF THE WEEK 2,,,archive/1957/1957-09-28.jpg,801628,ok
1957-10-05,1957,"I BUSINESS > WEEK OCT. 5, 1957",,,archive/1957/1957-10-05.jpg,824688,ok
1957-10-12,1957,"= BUSINESS © , HOTA BOSUV NNV LS 1 NW <IE",,,archive/1957/1957-10-12.jpg,833531,ok
1957-10-19,1957,"OCT. 19,1957 MISSILES PLASTICS",,,archive/1957/1957-10-19.jpg,700404,ok
1957-10-26,1957,OUST N LLISHZAINA NEW YORK GENERAL BUSINESS,,,archive/1957/1957-10-26.jpg,755881,ok
1957-11-02,1957,: WEEK : BUSINESS HOIA BOSUY NNY,,,archive/1957/1957-11-02.jpg,826726,ok
1957-11-09,1957,.« 7S,,,archive/1957/1957-11-09.jpg,710779,ok
1957-11-16,1957,== BUSINESS ° WEEK PLASTICS,,,archive/1957/1957-11-16.jpg,862064,ok
1957-11-23,1957,,,,archive/1957/1957-11-23.jpg,890235,ok
1957-11-30,1957,> WEEK OM 640i LLISESAIN ‘ BOWER ROLLER BEARING DIVISION,,,archive/1957/1957-11-30.jpg,867770,ok
1957-12-07,1957,989 OFFICES IN 94 COUNTRIES FIGURES OF THE WEE K a GENERAL BUSINESS,,,archive/1957/1957-12-07.jpg,919148,ok
1957-12-14,1957,,,,archive/1957/1957-12-14.jpg,814013,ok
1957-12-21,1957,# PRS HOIN BOSEY NNY SATI0,,,archive/1957/1957-12-21.jpg,1030455,ok
1957-12-28,1957,2 WEEK MICHIGAN ADVANCED SPHER-0-HONED DESIGN,,,archive/1957/1957-12-28.jpg,822788,ok
1958-01-04,1958,I BUSINESS YOTA KLISUSAING “WORLD'S LARGEST MANUFACTURER OF FOLDING DOORS’,,,archive/1958/1958-01-04.jpg,795807,ok
1958-01-11,1958,,,,archive/1958/1958-01-11.jpg,911265,ok
1958-01-18,1958,NEW YORK GENERAL BUSINESS BUSINESS OUTLOOK 19,,,archive/1958/1958-01-18.jpg,783753,ok
1958-01-25,1958,oe TIGOUOTA ALISEIAING BOWER ROLLER BEARING DIVISION ADVANCED SPHER-O-HONED DESIGN,,,archive/1958/1958-01-25.jpg,872532,ok
1958-02-01,1958,= BUSINESS 175S HOTH HOREV NNV,,,archive/1958/1958-02-01.jpg,667956,ok
1958-02-08,1958,1 BUSINESS INTE LITOMIATNDG CHEMICAL,,,archive/1958/1958-02-08.jpg,674794,ok
1958-02-15,1958,BUSINES,,,archive/1958/1958-02-15.jpg,734071,ok
1958-02-22,1958,"“ROUGHNECKS""” IN BOWER ROLLER BEARING DIVISION OBOWER",,,archive/1958/1958-02-22.jpg,866705,ok
1958-03-01,1958,"D * 150 HOIM YORU NNV ""™ TITOCWRATND",,,archive/1958/1958-03-01.jpg,770984,ok
1958-03-08,1958,BUSINES VY 4 = = @ PICTURE OF,,,archive/1958/1958-03-08.jpg,896931,ok
1958-03-15,1958,eTIJOUIIA ZLISUAAINA NEW YORK GENERAL BUSINESS,,,archive/1958/1958-03-15.jpg,833535,ok
1958-03-22,1958,w= BUSINESS = WEEK BOWER ROLLER BEARING DIVISION,,,archive/1958/1958-03-22.jpg,835306,ok
1958-03-29,1958,APES: GZ 3 989 OFFICES IN 94 COUNTRIES,,,archive/1958/1958-03-29.jpg,1028057,ok
1958-04-05,1958,I: BUSINESS HOTA BOSHY NNV OYOIA LLISUSAINN,,,archive/1958/1958-04-05.jpg,894836,ok
1958-04-12,1958,Hi INESS +125 B US SHTIAOUOIN LLISESAIS,,,archive/1958/1958-04-12.jpg,688614,ok
1958-04-19,1958,= BUSINESS ° WEEK BOWER,,,archive/1958/1958-04-19.jpg,725770,ok
1958-04-26,1958,“WORLD'S LARGEST APPRAISAL AUTHORITY” OVER 50.000 CLIENTS IN 34 UNTRIES 989 OFFICES IN 94 COUNTRIES,,,archive/1958/1958-04-26.jpg,810587,ok
1958-05-03,1958,é HOI YOSuY NNV = MIGUM e PLIOFLEX,,,archive/1958/1958-05-03.jpg,854040,ok
1958-05-10,1958,<= WEEK HOIN YOSUY NBV SHTIZOUOIN LLISUBAINA,,,archive/1958/1958-05-10.jpg,755083,ok
1958-05-17,1958,I * 125 HDI HORHY NY SHTIAJOUOIN EEISeaAE,,,archive/1958/1958-05-17.jpg,821558,ok
1958-05-24,1958,"IN BUSINESS THIS WEE K Moy 24, 1958 ENERAL BUSINESS _ THE TOP BRASS ASSEMBLES BUSINESS OUTLOOK 19",,,archive/1958/1958-05-24.jpg,859581,ok
1958-05-31,1958,HOIR BCaaY HN Ls 4ST B <I SWILIOUIIA LLISHSAINN,,,archive/1958/1958-05-31.jpg,694590,ok
1958-06-07,1958,HOIA BWOEEV NNV SATIAOWOIA ALISUSAINN NEW YORK,,,archive/1958/1958-06-07.jpg,848338,ok
1958-06-14,1958,,,,archive/1958/1958-06-14.jpg,537227,ok
1958-06-21,1958,HOTS BOSHV NNV SHTIGOUOIAN LLISUZAINN “WORLD'S LARGEST PRODUCERS OF QUALITY THREAD PRODUCTS”,,,archive/1958/1958-06-21.jpg,738110,ok
1958-06-28,1958,GOODFYEAR CHEMICAL DIVISION GENERAL BUSINESS,,,archive/1958/1958-06-28.jpg,619094,ok
1958-07-05,1958,SATI4ZOUDIA LLISESAINA NEW YORK GENERAL BUSINESS,,,archive/1958/1958-07-05.jpg,784331,ok
1958-07-12,1958,I~ BUSINESS “A2OUGUlG RLITSUSATNN BOWER ROLLER BEARING DIVISION,,,archive/1958/1958-07-12.jpg,791757,ok
1958-07-19,1958,LISCUOTHA ALISUSAINI MAKERS OF ROOM AIR CONDITIONERS SUMMER COOLING,,,archive/1958/1958-07-19.jpg,589214,ok
1958-07-26,1958,HOIR YOSNY NN‘ NIISCESIN ZLISESAINA CHEMICAL,,,archive/1958/1958-07-26.jpg,748350,ok
1958-08-02,1958,"A , 7 . LS AS TORRANCE, CALIFORNIA",,,archive/1958/1958-08-02.jpg,1009379,ok
1958-08-09,1958,"1= 16} 1 | SSS AUG. 9,1958 HOIN BOSEV mv",,,archive/1958/1958-08-09.jpg,844000,ok
1958-08-16,1958,ICNATUME OF ay HOIA BOSUY NNV SATIJOWDIA ALISUFAINN,,,archive/1958/1958-08-16.jpg,938714,ok
1958-08-23,1958,"OD #150 CHEMIGUM «+ PLIOFLEX ‘.... GOOD,",,,archive/1958/1958-08-23.jpg,801143,ok
1958-08-30,1958,175 P =. WEEK NEW YORK,,,archive/1958/1958-08-30.jpg,883178,ok
1958-09-06,1958,HOIA HYOSUY NNV BOWER ROLLER BEARING DIVISION ADVANCED SPHER-O-HONED DESIGN,,,archive/1958/1958-09-06.jpg,839430,ok
1958-09-13,1958,"“LARGEST MAKER OF VACUUM CLEANERS"" GENERAL BUSINESS",,,archive/1958/1958-09-13.jpg,856457,ok
1958-09-20,1958,BUSINES = WEEK ....: GOOD F YEAR,,,archive/1958/1958-09-20.jpg,809418,ok
1958-09-27,1958,° WW SBAILNDAXA SSANISNG S.VIOINAWY OL TTIH-MV¥9 OW WOYS LYOd3sy LISHSA,,,archive/1958/1958-09-27.jpg,806202,ok
1958-10-04,1958,OD ® 150 BOWER ROLLER BEARING DIVISION ADVANCED SPHER-O-HONED DESIGN,,,archive/1958/1958-10-04.jpg,805267,ok
1958-10-11,1958,,,,archive/1958/1958-10-11.jpg,1088820,ok
1958-10-18,1958,GOIY SNZARLS é... GOODFYEAR LATEX,,,archive/1958/1958-10-18.jpg,837345,ok
1958-10-25,1958,> WEEK HOTKM YOSHY NY au $5 ZOTY SWPATLS,,,archive/1958/1958-10-25.jpg,843241,ok
1958-11-01,1958,: BUSINESS . 7S BOWER ROLLER BEARING DIVISION,,,archive/1958/1958-11-01.jpg,836146,ok
1958-11-08,1958,,,,archive/1958/1958-11-08.jpg,723995,ok
1958-11-15,1958,"NOV. 15,1958 CHEMICAL GENERAL BUSINESS",,,archive/1958/1958-11-15.jpg,852414,ok
1958-11-22,1958,"TORRANCE, CALIFORNIA INTERNATIONAL OUTLOOK 113 FIGURES OF THE WEEK 2",,,archive/1958/1958-11-22.jpg,763247,ok
1958-11-29,1958,BUSINES A'4 = 4 e LLER BEARING DIVISION,,,archive/1958/1958-11-29.jpg,890788,ok
1958-12-06,1958,LEADER AR IN METAL BUILDING METAL PRODUCTS GENERAL BUSINESS,,,archive/1958/1958-12-06.jpg,786306,ok
1958-12-13,1958,» SC PLIOoLITE LATEX . LATEX WASHINGTON OUTLOOK 39,,,archive/1958/1958-12-13.jpg,891817,ok
1958-12-20,1958,BUSINESS HOI BOSEY NNV WASHINGTON OUTLOOK,,,archive/1958/1958-12-20.jpg,937459,ok
1958-12-27,1958,,,,archive/1958/1958-12-27.jpg,581604,ok
1959-01-03,1959,BUSINESS 1,,,archive/1959/1959-01-03.jpg,761607,ok
1959-01-10,1959,” WEEK a SOR IN GENERAL BUSINESS,,,archive/1959/1959-01-10.jpg,1049512,ok
1959-01-17,1959,NEW YORK GENERAL BUSINESS BUSINESS OUTLOOK 19,,,archive/1959/1959-01-17.jpg,1012117,ok
1959-01-24,1959,SATIAONDIA LL 1383! BOWER ROLLER BEARING DIVISION = BOWE! q ROLLER BEARINGS,,,archive/1959/1959-01-24.jpg,0,err
1959-01-31,1959,"D * 150 E : 2 7S ,",,,archive/1959/1959-01-31.jpg,942419,ok
1959-02-07,1959,CHEMICAL DIVISION GENERAL BUSINESS BUSINESS OUTLOOK 11,,,archive/1959/1959-02-07.jpg,1036653,ok
1959-02-14,1959,NEW YORK GENERAL BUSINESS BUSINESS OUTLOOK 19,,,archive/1959/1959-02-14.jpg,1041664,ok
1959-02-21,1959,STAMINA. BOWE R ROLLER BEARINGS PERSONAL BUSINESS 117,,,archive/1959/1959-02-21.jpg,968258,ok
1959-02-28,1959,"N ¥, D * 150 » 5O",,,archive/1959/1959-02-28.jpg,1017519,ok
1959-03-07,1959,=: BUSINESS >: WEEK CHEMICAL DIVISION,,,archive/1959/1959-03-07.jpg,1037062,ok
1959-03-14,1959,BUSINESS NEW YORK GENERAL BUSINESS,,,archive/1959/1959-03-14.jpg,1041555,ok
1959-03-21,1959,4 OTT Ta a MOLLE BOWER ROLLER BEARING DIVISION ADVANCED SPHER-O-HONED DESIGN,,,archive/1959/1959-03-21.jpg,888816,ok
1959-03-28,1959,RUEHAUF TRAILERS GENERAL BUSINESS,,,archive/1959/1959-03-28.jpg,890401,ok
1959-04-04,1959,,,,archive/1959/1959-04-04.jpg,885312,ok
1959-04-11,1959,NEW YORK GENERAL BUSINESS BUSINESS OUTLOOK 19,,,archive/1959/1959-04-11.jpg,917737,ok
1959-04-18,1959,,,,archive/1959/1959-04-18.jpg,908447,ok
1959-04-25,1959,GENERAL BUSINESS BUSINESS OUTLOOK 19 WASHINGTON OUTLOOK 39,,,archive/1959/1959-04-25.jpg,997141,ok
1959-05-02,1959,GOODFYEAR CHEMICAL DIVISION GENERAL BUSINESS,,,archive/1959/1959-05-02.jpg,919594,ok
1959-05-09,1959,HOTA HOR 1S AIST N ¢&! SHIISOUO1A RLTSUSALY,,,archive/1959/1959-05-09.jpg,878781,ok
1959-05-16,1959,,,,archive/1959/1959-05-16.jpg,1119749,ok
1959-05-23,1959,WEEK 3 HOTR HOSHV NN ¢ ELLISHSAIN,,,archive/1959/1959-05-23.jpg,1060595,ok
1959-05-30,1959,SATIA0UOiN LLISHS: AITH SNAAAI GOODFYEAR,,,archive/1959/1959-05-30.jpg,926092,ok
1959-06-06,1959,SWITAOYOIN LLISESAIN! NEW YORK GENERAL BUSINESS,,,archive/1959/1959-06-06.jpg,926507,ok
1959-06-13,1959,,,,archive/1959/1959-06-13.jpg,741063,ok
1959-06-20,1959,=< WEEK FIRST NATIONAL FIRST NATIONAL STORES,,,archive/1959/1959-06-20.jpg,909044,ok
1959-06-27,1959,CHEMICAL DIVISION GENERAL BUSINESS BUSINESS OUTLOOK 19,,,archive/1959/1959-06-27.jpg,1006780,ok
1959-07-04,1959,': BUSINESS :,,,archive/1959/1959-07-04.jpg,889238,ok
1959-07-11,1959,BOWE x ROLLER BEARINGS GENERAL BUSINESS BUSINESS OUTLOOK 19,,,archive/1959/1959-07-11.jpg,1040597,ok
1959-07-18,1959,= BUSINESS HOLA HOGHY NAW A ™~ Ss LS LSI NCIC,,,archive/1959/1959-07-18.jpg,980787,ok
1959-07-25,1959,SNIIACUOIN LLISESAIN ue SD GOTH SWHATLS PLIOFLEX,,,archive/1959/1959-07-25.jpg,992034,ok
1959-08-01,1959,"» 5O SONDTN LLISUSAI BOTH YORHY NN""",,,archive/1959/1959-08-01.jpg,841268,ok
1959-08-08,1959,"‘: BUSINESS ,",,,archive/1959/1959-08-08.jpg,1007009,ok
1959-08-15,1959,I BUSINESS = WEEK ‘ . ‘ ; . A %,,,archive/1959/1959-08-15.jpg,973121,ok
1959-08-22,1959,,,,archive/1959/1959-08-22.jpg,891986,ok
1959-08-29,1959,"TORRANCE, CALIFORNIA GENERAL BUSINESS BUSINESS OUTLOOK 19",,,archive/1959/1959-08-29.jpg,954636,ok
1959-09-05,1959,D * 150 BOWE mR ROLLER BEARINGS PERSONAL BUSINESS 105,,,archive/1959/1959-09-05.jpg,880533,ok
1959-09-12,1959,SHTAJ0UDTIN LLISESA ag $3 TQI8 SNZASI INTERNATIONAL CORRESPONDENCE SCHOOLS,,,archive/1959/1959-09-12.jpg,1049338,ok
1959-09-19,1959,JYEAR CHEMICAL DIVISION GENERAL BUSINESS,,,archive/1959/1959-09-19.jpg,911953,ok
1959-09-26,1959,3 HOTR BOREY SHIIZ0NOTH ZLTSUSA: NEW YORK,,,archive/1959/1959-09-26.jpg,914732,ok
1959-10-03,1959,,,,archive/1959/1959-10-03.jpg,1014230,ok
1959-10-10,1959,"OCT. 10, 1889 ANEAPON INDUSTRIES",,,archive/1959/1959-10-10.jpg,571069,ok
1959-10-17,1959,=. WEE BUSINESS HJIn HOGHY NNY,,,archive/1959/1959-10-17.jpg,880531,ok
1959-10-24,1959,= BUSINESS : WEEK x) HOTA HOGuY NNV,,,archive/1959/1959-10-24.jpg,920316,ok
1959-10-31,1959,: BUSINESS SHVISCUOIN ALISESAINA BOWER ROLLER BEARINGS,,,archive/1959/1959-10-31.jpg,867264,ok
1959-11-07,1959,BUSINESS SATI UNITED AIRCRAFT CORPORATION,,,archive/1959/1959-11-07.jpg,871176,ok
1959-11-14,1959,> WEEK CAPITAL SPENDING PONTE,,,archive/1959/1959-11-14.jpg,669107,ok
1959-11-21,1959,I BUSINESS : WEEK SWILAOUI IA LL,,,archive/1959/1959-11-21.jpg,970644,ok
1959-11-28,1959,", = WEEK HOTW BOSRV NNV SATIJCUOTIN ZLISESAINN",,,archive/1959/1959-11-28.jpg,987616,ok
1959-12-05,1959,,,,archive/1959/1959-12-05.jpg,935020,ok
1959-12-12,1959,‘|; BUSINESS CHEMICAL DIVISION GENERAL BUSINESS,,,archive/1959/1959-12-12.jpg,1035762,ok
1959-12-19,1959,"° WEEK DEC. 19, 1§ 2 HOTS BOSH NN",,,archive/1959/1959-12-19.jpg,1032487,ok
1959-12-26,1959,"BUSIN ESS"" THE SHAPE OF O() FOR U.S. BUSINESS",,,archive/1959/1959-12-26.jpg,1038037,ok
1960-01-02,1960,,,,archive/1960/1960-01-02.jpg,643806,ok
1960-01-09,1960,"= WEEK A ; , THE STEEL SETTLEMENT",,,archive/1960/1960-01-09.jpg,813386,ok
1960-01-16,1960,"= WEEK JAN. 16, 1960 NEW YORK",,,archive/1960/1960-01-16.jpg,1021887,ok
1960-01-23,1960,"JAN. 23, 1960 ‘RECEIVED JAN 23 1960",,,archive/1960/1960-01-23.jpg,858478,ok
1960-01-30,1960,‘= BUSINESS i FEB 1- 1960 UNIVERS,,,archive/1960/1960-01-30.jpg,941752,ok
1960-02-06,1960,WEEK : FEB 8~1969 [AMI UNIVERSITY,,,archive/1960/1960-02-06.jpg,940674,ok
1960-02-13,1960,ae BUSINESS IS D )| ) NEW YORK,,,archive/1960/1960-02-13.jpg,792648,ok
1960-02-20,1960,= WEEK ABVANCED SPHER-0-HONED DESIGN REDUCES WEAR,,,archive/1960/1960-02-20.jpg,944380,ok
1960-02-27,1960,,,,archive/1960/1960-02-27.jpg,905758,ok
1960-03-05,1960,,,,archive/1960/1960-03-05.jpg,1023309,ok
1960-03-12,1960,,,,archive/1960/1960-03-12.jpg,918591,ok
1960-03-19,1960,NG . I 175 E |}. 425 (,,,archive/1960/1960-03-19.jpg,880077,ok
1960-03-26,1960,,,,archive/1960/1960-03-26.jpg,894192,ok
1960-04-02,1960,,,,archive/1960/1960-04-02.jpg,1235165,ok
1960-04-09,1960,CHOORH KLISYIATEN NEW YORK,,,archive/1960/1960-04-09.jpg,848512,ok
1960-04-16,1960,= {OR} ) REVERT SU WOIGOLESS,,,archive/1960/1960-04-16.jpg,1259784,ok
1960-04-23,1960,F |.4126 . 75 J : EK,,,archive/1960/1960-04-23.jpg,1052186,ok
1960-04-30,1960,,,,archive/1960/1960-04-30.jpg,774838,ok
1960-05-07,1960,,,,archive/1960/1960-05-07.jpg,850654,ok
1960-05-14,1960,= WEEK HOI YOSEY NNV WYITTIA LV 3A¥ HLS,,,archive/1960/1960-05-14.jpg,911362,ok
1960-05-21,1960,= WEEK REATES A CRISIS,,,archive/1960/1960-05-21.jpg,876347,ok
1960-05-28,1960,"D * 150 "" CHEMICAL DIVISION GENERAL BUSINESS",,,archive/1960/1960-05-28.jpg,907548,ok
1960-06-04,1960,N 1 : TORACE HOA YOGEY NY,,,archive/1960/1960-06-04.jpg,978064,ok
1960-06-11,1960,HOT YOSuY NNV AYITTI® LY SAY ELS AUVEEII OITEAd,,,archive/1960/1960-06-11.jpg,953116,ok
1960-06-18,1960,GENERAL BUSINESS BUSINESS OUTLOOK 21 WASHINGTON OUTLOOK 45,,,archive/1960/1960-06-18.jpg,945405,ok
1960-06-25,1960,EOLA BOSuYY NV RYITIIA L¥ SAY Bis LEVESTT DITaNd,,,archive/1960/1960-06-25.jpg,1042938,ok
1960-07-02,1960,"HOLA BOGHY ANY LUST ""INES HOIN 20 AINA",,,archive/1960/1960-07-02.jpg,1305857,ok
1960-07-09,1960,RVITTIG LY 3AV HLS PAUL BUNYAN’S BOWLING BALL PROVES BEARINGS! 3 COVV,,,archive/1960/1960-07-09.jpg,1121821,ok
1960-07-16,1960,AEVESTT OST1ENd KENOSHA AUTO TRANSPORT,,,archive/1960/1960-07-16.jpg,975816,ok
1960-07-23,1960,"‘TTTI8 L¥ SAP Wz INVVATH AeKa, . CHEMICAL DIVISION",,,archive/1960/1960-07-23.jpg,1051578,ok
1960-08-06,1960,,,,archive/1960/1960-08-06.jpg,965320,ok
1960-08-13,1960,,,,archive/1960/1960-08-13.jpg,943810,ok
1960-08-20,1960,' BUSINESS ) UPELOUNS HOIM HOGEY NNY,,,archive/1960/1960-08-20.jpg,981259,ok
1960-08-27,1960,I 175 4 > WEEK HOLM BOGEY NAV,,,archive/1960/1960-08-27.jpg,1044120,ok
1960-09-03,1960,HOI HORUY NN AVITIIC LY DAY HL: MANHANDLING GIANT,,,archive/1960/1960-09-03.jpg,1040543,ok
1960-09-10,1960,> WEE? : - PUBL dD HOIB BOGuY NMV,,,archive/1960/1960-09-10.jpg,981372,ok
1960-09-17,1960,": BUSINESS WEEK GOOD,",,,archive/1960/1960-09-17.jpg,980670,ok
1960-09-24,1960,‘ BUSINESS = WEEK GENERAL BUSINESS,,,archive/1960/1960-09-24.jpg,1030788,ok
1960-10-01,1960,‘MC = 7 WY IE :,,,archive/1960/1960-10-01.jpg,1286556,ok
1960-10-08,1960,,,,archive/1960/1960-10-08.jpg,1069255,ok
1960-10-15,1960,AUETT NAS 440 ALISUSAINA CHEMICAL DIVISION,,,archive/1960/1960-10-15.jpg,757614,ok
1960-10-22,1960,"TORRANCE, CALIFORNIA PERSONAL BUSINESS 157 THE DEPARTMENTS",,,archive/1960/1960-10-22.jpg,796534,ok
1960-10-29,1960,,,,archive/1960/1960-10-29.jpg,828840,ok
1960-11-05,1960,I: BUSINESS = WEEK RK Y,,,archive/1960/1960-11-05.jpg,891051,ok
1960-11-12,1960,,,,archive/1960/1960-11-12.jpg,970131,ok
1960-11-19,1960,HOLM NOSEY NAY RVITIER LY ZAV¥ BLS NEW YORK,,,archive/1960/1960-11-19.jpg,1065792,ok
1960-11-26,1960,‘|- BUSINESS <= WEEK PAUL BUNYAN’S BOWLING BALL PROVES BEARINGS!,,,archive/1960/1960-11-26.jpg,1005366,ok
1960-12-03,1960,VV. @ 17 LY SAY EL = AUVEST OTIgNe,,,archive/1960/1960-12-03.jpg,1015269,ok
1960-12-10,1960,"= WEEK DEC. 10, 1960 STORAGE COLLECTION",,,archive/1960/1960-12-10.jpg,666614,ok
1960-12-17,1960,,,,archive/1960/1960-12-17.jpg,1029718,ok
1960-12-24,1960,,,,archive/1960/1960-12-24.jpg,896241,ok
1960-12-31,1960,,,,archive/1960/1960-12-31.jpg,696289,ok
1961-01-07,1961,= BUSINESS ‘WEEK [ = CHEMICAL DIVISION,,,archive/1961/1961-01-07.jpg,1417855,ok
1961-01-14,1961,100 A 4 : “} 4 . 5O ; HOIW YOSEy NN,,,archive/1961/1961-01-14.jpg,901851,ok
1961-01-21,1961,=: BUSINESS a = WEEK KNOWLEDGE,,,archive/1961/1961-01-21.jpg,849633,ok
1961-01-28,1961,,,,archive/1961/1961-01-28.jpg,1307472,ok
1961-02-04,1961,BUSINES : WEEK OF MICHIGAN,,,archive/1961/1961-02-04.jpg,1234356,ok
1961-02-11,1961,,,,archive/1961/1961-02-11.jpg,1156140,ok
1961-02-18,1961,"FEB. 18, 1961 AUGIT NSO “ROUGHNECKS” IN ACTION... PROBING 8,000’ BELOW!",,,archive/1961/1961-02-18.jpg,1176552,ok
1961-02-25,1961,"E ||. 4125 THE NATIONAL DAYTON 9, OHIO",,,archive/1961/1961-02-25.jpg,1146753,ok
1961-03-04,1961,: BUSINESS a 4 LUVESIT INS HOTM #0 ATNO,,,archive/1961/1961-03-04.jpg,1234813,ok
1961-03-11,1961,3USINESS | 7,,,archive/1961/1961-03-11.jpg,1096899,ok
1961-03-18,1961,,,,archive/1961/1961-03-18.jpg,883201,ok
1961-03-25,1961,: BUSINESS = WEEK HOIM NOSEY NKV,,,archive/1961/1961-03-25.jpg,826192,ok
1961-04-01,1961,NYOIHOIA GOOD YEAR . CHEMICAL DIVISION.,,,archive/1961/1961-04-01.jpg,865674,ok
1961-04-08,1961,‘| BUSINESS E UNIVERSITY APR 1¥ 1961,,,archive/1961/1961-04-08.jpg,1333723,ok
1961-04-15,1961,,,,archive/1961/1961-04-15.jpg,946638,ok
1961-04-22,1961,,,,archive/1961/1961-04-22.jpg,1036729,ok
1961-04-29,1961,,,,archive/1961/1961-04-29.jpg,1263704,ok
1961-05-06,1961,OCLC EEE TEE ONO POR ERS eRe EROER Ad0QQ HL ras HOIN 40 XITSHSATNNA,,,archive/1961/1961-05-06.jpg,1392724,ok
1961-05-13,1961,HOI WOSuy NNV AUEIT NGS NVOIHOIN #0 AINN,,,archive/1961/1961-05-13.jpg,1233654,ok
1961-05-20,1961,HOLA GOGEY NNV RHETT NED 29 HOIM JO XETSHSAINNA,,,archive/1961/1961-05-20.jpg,940288,ok
1961-05-27,1961,BUSINES mass BUSINESS MINISTRATION LIBRARY,,,archive/1961/1961-05-27.jpg,1185781,ok
1961-06-03,1961,"BRR RCAC: GHA, % SESE NI9 99 SIN a0 TITSHAINA",,,archive/1961/1961-06-03.jpg,1224590,ok
1961-06-10,1961,"SEARING HEAT, FRIGID COLD TORTURE MISSILE BEARINGS N47 V V ROLLER",,,archive/1961/1961-06-10.jpg,959801,ok
1961-06-17,1961,JOHNSON/S OF WAX POLISHES” “WORLD'S LARGEST MANUFACTURER,,,archive/1961/1961-06-17.jpg,1138038,ok
1961-06-24,1961,"x LEGT WS) = 12 39 , 0TH 40 AIBA 45 i GOODFYEAR",,,archive/1961/1961-06-24.jpg,1178209,ok
1961-07-01,1961,,,,archive/1961/1961-07-01.jpg,1671776,ok
1961-07-08,1961,,,,archive/1961/1961-07-08.jpg,1308102,ok
1961-07-15,1961,"BUSINESS WEEK N.Y. 36, N.Y.",,,archive/1961/1961-07-15.jpg,1356993,ok
1961-07-22,1961,.* GOODFYEAR Boer CHEMICAL DIVISION BUSINESS,,,archive/1961/1961-07-22.jpg,1361446,ok
1961-07-29,1961,WORTHINGTON PRODUCTS THAT WORK FOR YOUR PROFIT BUSINESS,,,archive/1961/1961-07-29.jpg,1414739,ok
1961-08-05,1961,,,,archive/1961/1961-08-05.jpg,860967,ok
1961-08-12,1961,HOTM £0 STR THE FIRST TIME BUSINESS,,,archive/1961/1961-08-12.jpg,1478542,ok
1961-08-19,1961,THE UNIVERS) OF MICHIGAN ZEST WSS,,,archive/1961/1961-08-19.jpg,1097879,ok
1961-08-26,1961,,,,archive/1961/1961-08-26.jpg,975345,ok
1961-09-02,1961,FEDERAL-MOGUL DIVISION BOWER ROLLER BEARING DIVISION PLANTING POSTS IN A HURRY—BEARINGS DELIVER MUSCLE!,,,archive/1961/1961-09-02.jpg,972622,ok
1961-09-09,1961,"AUTOMATIC CHANGE DISPENSER DAYTON 9, OHIO BUSINESS",,,archive/1961/1961-09-09.jpg,935179,ok
1961-09-16,1961,,,,archive/1961/1961-09-16.jpg,1280892,ok
1961-09-23,1961,CALINT ILER WORTHINGTON,,,archive/1961/1961-09-23.jpg,1192815,ok
1961-09-30,1961,AYEIT NID 318 JO ATND NVYOTH,,,archive/1961/1961-09-30.jpg,1042869,ok
1961-10-07,1961,2871 ‘INGO POWER-BILT ‘AND GRAND SLAM,,,archive/1961/1961-10-07.jpg,870232,ok
1961-10-14,1961,,,,archive/1961/1961-10-14.jpg,1175067,ok
1961-10-21,1961,WORTHINGTON PRODUCTS THAT WORK FOR YOUR PROFIT BUSINESS,,,archive/1961/1961-10-21.jpg,1234619,ok
1961-10-28,1961,OF M uAN OCT 27 1961 BUSINESS ADMINISTRATION,,,archive/1961/1961-10-28.jpg,1364564,ok
1961-11-04,1961,THE UNIVERSITY OF MICHIGAN BUSINESS ADMINISTRATION,,,archive/1961/1961-11-04.jpg,1366359,ok
1961-11-11,1961,THE UNIVERSITY OF MICHIGAN NOV 10 1861,,,archive/1961/1961-11-11.jpg,1151102,ok
1961-11-18,1961,,,,archive/1961/1961-11-18.jpg,1243975,ok
1961-11-25,1961,CMS IE,,,archive/1961/1961-11-25.jpg,983838,ok
1961-12-02,1961,HOLA HOSHY NI HAaIT NB HOIN JO LLISWAAINA,,,archive/1961/1961-12-02.jpg,1067156,ok
1961-12-09,1961,‘YIHOLTH JO AINA GOODFYEAR CHEMICAL DIVISION,,,archive/1961/1961-12-09.jpg,1135668,ok
1961-12-16,1961,OL ES: AUGIT Ns If JO XLISHFAINA,,,archive/1961/1961-12-16.jpg,1120935,ok
1961-12-23,1961,") HOLM HOgu¥ NNW HOTW dO AINN SEARING HEAT, FRIGID COLD TORTURE MISSILE BEARINGS",,,archive/1961/1961-12-23.jpg,1048041,ok
1961-12-30,1961,A WORLD LEADER IN RUBBER AND ALLIED PRODUCTS WEEK,,,archive/1961/1961-12-30.jpg,1160372,ok
1938-03-19,1938,,,,archive/1938/1938-03-19.jpg,849224,ok
1944-07-01,1944,START OF WAR /EEK : :,,,archive/1944/1944-07-01.jpg,0,dead_404
1944-12-23,1944,BUSINESS] TA DS IINESS,,,archive/1944/1944-12-23.jpg,0,dead_404
1946-11-02,1946,,,,archive/1946/1946-11-02.jpg,0,dead_404
1953-09-26,1953,"YEAR SEPT. 26, 1953 THE BEST IS STILL AHEAD",,,archive/1953/1953-09-26.jpg,0,dead_404
1959-01-24,1959,SATIAONDIA LL 1383! BOWER ROLLER BEARING DIVISION = BOWE! q ROLLER BEARINGS,,,archive/1959/1959-01-24.jpg,913965,ok
